Transaction ID,Student ID,Year,Month,Amount,Discount,Total,Date,Method,Staff
TXN-MXMLX868,479,2025,January,4,-,"¥22,880",2025-01-05,Card,Manna
TXN-LSD989HW,251,2025,January,4,-,"¥22,880",2025-01-06,Cash,Khacey
TXN-P0SPO6B7,312,2025,January,4,-,"¥22,880",2025-01-07,Card,Rie
TXN-JCM6W52M,392,2025,January,4,N/A,"¥15,840",2025-01-07,PayPay,
TXN-JCM6W51M,393,2025,January,4,-,"¥15,840",2025-01-07,PayPay,Manna
TXN-1L2MZ1FB,475,2025,January,4,-,"¥22,880",2025-01-06,Cash,Khacey
TXN-T4PV0ECI,110,2025,January,4,-,"¥22,880",2025-01-08,PayPay,May
TXN-AQEX5RLW,485,2025,January,2,-,"¥11,440",2025-01-10,Card,Rie
TXN-G1I0F1SJ,485,2025,February,4,-,"¥22,880",2025-01-10,Card,Rie
TXN-Q14EYUJG,22,2025,February,2,-,"¥9,240",2025-01-11,PayPay,Rie
TXN-XTK6RWJT,350,2025,January,4,-,"¥22,880",2025-01-14,Transfer,Rie
TXN-2CEIV9XH,153,2025,January,2,-,"¥14,300",2025-01-15,Card,May
TXN-MXC0KJ70,452,2025,January,1,-,"¥7,150",2025-01-16,Card,May
TXN-OVJJPU8Z,472,2025,January,4,-,"¥22,880",2025-01-16,Cash,May
TXN-ZZDY605U,481,2025,January,2,-,"¥14,300",2025-01-18,Card,Rie
TXN-5PLUCVLC,253,2025,February,2,-,"¥14,300",2025-01-19,Card,Fumika
TXN-A2M9L4V4,338,2025,February,4,-,"¥22,880",2025-01-19,Card,Fumika
TXN-K3WK03W1,490,2025,February,2,-,"¥14,300",2025-01-19,Card,Fumika
TXN-SJ0RF8CC,488,2025,February,2,-,"¥14,300",2025-01-22,Card,May
TXN-ABHGZ16G,343,2025,February,4,-,"¥22,880",2025-01-23,Card,May
TXN-5RMITE1H,482,2025,January,2,-,"¥14,300",2025-01-23,Cash,May
TXN-G6GQRYGU,187,2025,February,2,-,"¥14,300",2025-01-23,Card,May
TXN-DDZODYGZ,170,2025,February,2,-,"¥14,300",2025-01-24,Card,Rie
TXN-SO1KWO4M,269,2025,February,4,-,"¥22,880",2025-01-24,Card,Rie
TXN-GBKBV74T,31,2025,February,2,-,"¥5,720",2025-01-24,Card,Ana
TXN-I6PPS2JU,32,2025,February,2,-,"¥5,720",2025-01-24,Card,Ana
TXN-SPC9GITC,411,2025,February,4,-,"¥15,840",2025-01-24,Cash,Ana
TXN-N5ZC7JSL,412,2025,February,4,-,"¥15,840",2025-01-24,Cash,Ana
TXN-FZVRDO7F,328,2025,February,4,-,"¥22,880",2025-01-25,PayPay,Rie
TXN-8AJYQRKT,337,2025,February,4,-,"¥22,880",2025-01-25,Card,Rie
TXN-6N4865RY,421,2025,February,2,-,"¥14,300",2025-01-25,Card,Rie
TXN-LS43L8H0,481,2025,February,2,-,"¥14,300",2025-01-25,Card,Rie
TXN-EX8MBT1P,319,2025,February,2,-,"¥14,300",2025-01-25,Card,Rie
TXN-GMAI0EPN,267,2025,February,4,-,"¥22,880",2025-01-26,Card,Fumika
TXN-D6RZF290,465,2025,February,4,-,"¥18,700",2025-01-26,Card( Ayami Yamaji  And Yui Oishi ),Fumika
TXN-40MFEDJP,292,2025,February,2,-,"¥14,300",2025-01-27,Card,Chiho
TXN-TGW5JADS,312,2025,February,4,-,"¥22,880",2025-01-28,Card,Rie
TXN-BNRAS8HN,160,2025,February,2,-,"¥14,300",2025-01-28,Cash,Sham
TXN-M147Z4AF,313,2025,February,4,-,"¥22,880",2025-01-28,PayPay,Chiho
TXN-FI1OZ9MQ,457,2025,February,4,-,"¥22,880",2025-01-28,Card,Chiho
TXN-UL76U01Z,321,2025,February,4,-,"¥22,880",2025-01-28,Card,Chiho
TXN-DLLCLXPN,458,2025,February,4,-,"¥22,880",2025-01-28,Cash,Chiho
TXN-AOFASST1,446,2025,February,4,-,"¥22,880",2025-01-28,Cash,Chiho
TXN-Q49S14U9,206,2025,February,4,-,"¥22,880",2025-01-28,Card,Chiho
TXN-6WEL8Q5C,425,2025,February,8,-,"¥39,600",2025-01-29,Card,May
TXN-X6P8P418,110,2025,February,4,-,"¥22,880",2025-01-29,paypay,May
TXN-MZE4Q0WG,455,2025,February,2,-,"¥14,300",2025-01-29,Card,May
TXN-XGMC1814,153,2025,February,2,-,"¥14,300",2025-01-29,Card,May
TXN-GYGMKRYB,453,2025,February,4,-,"¥22,880",2025-01-29,Card,May
TXN-L11LP519,452,2025,February,2,-,"¥14,300",2025-01-30,Card,May
TXN-V64XBZFS,7,2025,February,4,-,"¥17,600",2025-01-30,Cash,May
TXN-EKXKYD8E,482,2025,February,2,-,"¥14,300",2025-01-30,Card,May
TXN-HLLYKIO6,392,2025,February,4,-,"¥15,840",2025-01-30,Cash,May
TXN-HLLYKIO5,393,2025,February,4,-,"¥15,840",2025-01-30,Cash,May
TXN-FBAW7JKS,416,2025,February,4,-,"¥22,880",2025-01-30,Card,May
TXN-3P0H4Z28,6,2025,February,4,-,"¥17,600",2025-01-30,Card,May
TXN-E7KRUBVB,461,2025,February,4,-,"¥22,880",2025-01-30,Paypay,May
TXN-9Q9XA5JX,491,2025,February,2,-,"¥14,300",2025-01-30,Card,May
TXN-KPGAS7P9,486,2025,January,5,-,"¥28,600",2025-01-30,Card,May
TXN-SQG5K7ZQ,209,2025,February,4,-,"¥22,880",2025-01-31,Card,Rie
TXN-C2IB0440,156,2025,April,2,-,"¥14,300",2025-01-31,Card,Rie
TXN-0I0HCZPE,448,2025,February,4,-,"¥22,880",2025-02-01,Card,Chiho
TXN-IGDYP5SI,479,2025,February,4,-,"¥22,880",2025-02-02,Card,Sham
TXN-OZYCJ7VD,361,2025,February,8,-,"¥39,600",2025-01-23,PayPay,May
TXN-U30RV7PW,475,2025,February,4,-,"¥22,880",2025-02-03,Card,Rie
TXN-LNCGCQQK,418,2025,February,2,-,"¥14,300",2025-02-03,Card,Rie
TXN-DYTG8BNZ,251,2025,February,4,-,"¥22,880",2025-02-03,Card,Rie
TXN-TJ1VF2CV,494,2025,February,2,-,"¥14,300",2025-02-07,Cash,Rie
TXN-5YBY7C54,472,2025,February,4,-,"¥22,880",2025-02-08,Cash,May
TXN-K56VHY5T,187,2025,March,2,-,"¥14,300",2025-02-13,Cash,May
TXN-V237B50K,489,2025,February,2,-,"¥14,300",2025-02-13,Cash,May
TXN-004VEJ7T,503,2025,March,2,-,"¥14,300",2025-02-14,Card,Rie
TXN-XZ62A9KW,253,2025,March,2,-,"¥14,300",2025-02-15,Card,Chiho
TXN-KLDQ5FI9,495,2025,February,2,-,"¥14,300",2025-02-15,Card,Chiho
TXN-EU3TAM25,438,2025,February,2,-,"¥14,300",2025-02-16,PayPay,Fumika
TXN-KLC35JBP,411,2025,March,8,-,"¥31,680",2025-02-18,Cash,Manna
TXN-MZE0DFY6,21,2025,February,2,-,"¥9,240",2025-02-19,PayPay,May
TXN-SWKR2Y4Z,170,2025,March,2,-,"¥14,300",2025-02-21,Card,Rie
TXN-LRO9C1PS,328,2025,March,4,-,"¥22,880",2025-02-22,PayPay,Rie
TXN-M1FZOAPC,337,2025,March,4,-,"¥22,880",2025-02-22,Card,Rie
TXN-VC0UK2YG,463,2025,March,2,,"¥9,350",2025-02-22,Card,Rie
TXN-CM6PEB9S,267,2025,March,4,-,"¥22,880",2025-02-22,Card,Rie
TXN-I487HNSY,495,2025,March,2,-,"¥14,300",2025-02-22,Card,Rie
TXN-4K0KRQDW,481,2025,March,2,-,"¥14,300",2025-02-22,Card,Rie
TXN-OOMZ5PRZ,22,2025,March,5,-,"¥22,000",2025-02-22,PayPay,Rie
TXN-2PC0C96V,319,2025,March,2,-,"¥14,300",2025-02-22,Card,Rie
TXN-P5KUFB6Z,448,2025,March,4,-,"¥22,880",2025-02-22,Card,Rie
TXN-USOX6EDY,160,2025,March,2,-,"¥14,300",2025-02-22,Cash,Rie
TXN-76VEPG7G,292,2025,March,2,-,"¥14,300",2025-02-23,Card,Fumika
TXN-A9Y5USKC,361,2025,March,8,-,"¥39,600",2025-02-24,PayPay,Rie
TXN-YU1FZX6U,370,2025,March,4,-,"¥22,880",2025-02-24,Transfer,Rie
TXN-Q9V6E1M0,504,2025,March,4,-,"¥22,880",2025-02-24,Card,Rie
TXN-NJ69PQQZ,418,2025,March,2,-,"¥14,300",2025-02-24,Cash,Rie
TXN-AKH8B0LV,494,2025,March,2,-,"¥14,300",2025-02-25,Card,Rie
TXN-NJPGHS41,457,2025,March,4,-,"¥22,880",2025-02-25,Card,Manna
TXN-WM283MJ9,458,2025,March,4,-,"¥22,880",2025-02-25,Cash,Manna
TXN-8O6K01K2,446,2025,March,4,-,"¥22,880",2025-02-25,Cash,Manna
TXN-OUL3ZAX1,453,2025,March,4,-,"¥22,880",2025-02-25,Card,Manna
TXN-4H7DEEJE,425,2025,March,8,-,"¥39,600",2025-02-26,Card,May
TXN-MFKWS4B5,343,2025,March,4,-,"¥22,880",2025-02-26,Card,May
TXN-R0SCGZI4,338,2025,March,4,-,"¥22,880",2025-02-26,Card,May
TXN-0H2EO79E,110,2025,March,4,-,"¥22,880",2025-02-26,PayPay,May
TXN-ASJ5NGYF,7,2025,March,4,-,"¥17,600",2025-02-26,Cash,May
TXN-8QGAJVJ7,153,2025,March,2,-,"¥14,300",2025-02-26,Card,May
TXN-KUV088ZO,488,2025,March,2,-,"¥14,300",2025-02-26,Card,May
TXN-40DA5JLV,475,2025,March,4,-,"¥22,880",2025-02-26,Card,May
TXN-JAK2R9FG,221,2025,February,2,-,"¥14,300",2025-02-26,PayPay,May
TXN-CTYYDH38,452,2025,March,2,-,"¥14,300",2025-02-27,Card,May
TXN-EGOYV4SJ,482,2025,March,2,-,"¥14,300",2025-02-27,cash,May
TXN-1HRNMJXV,416,2025,March,4,-,"¥22,880",2025-02-27,Card,May
TXN-2UAP7K04,461,2025,March,4,-,"¥22,880",2025-02-27,PayPay,May
TXN-6957BLBT,491,2025,March,2,-,"¥14,300",2025-02-27,Card,May
TXN-Y1FYTOMW,489,2025,March,2,-,"¥14,300",2025-02-27,cash,May
TXN-Z47GMMB6,485,2025,March,4,-,"¥22,880",2025-02-28,Card,Rie
TXN-E7SNYZ7Q,209,2025,March,2,-,"¥14,300",2025-02-28,Card,Rie
TXN-UJQ76W2W,6,2025,March,4,-,"¥17,600",2025-02-28,Card,Rie
TXN-2ZFA181G,269,2025,March,4,-,"¥22,880",2025-02-28,Card,Manna
TXN-8TI3B6LX,421,2025,March,2,-,"¥14,300",2025-02-27,Card,May
TXN-D4HGA1HN,509,2025,March,4,-,"¥22,880",2025-03-01,Card,Chiho
TXN-G8NWFJJS,510,2025,March,8,-,"¥39,600",2025-03-01,Cash,Chiho
TXN-OS8P40A1,438,2025,March,4,-,"¥22,880",2025-03-02,Card,Fumika
TXN-ZHAK2N6U,472,2025,March,4,-,"¥22,880",2025-03-02,Cash,Fumika
TXN-O60FUPUQ,455,2025,March,2,-,"¥14,300",2025-03-03,Card,Rie
TXN-ZL1ICJN5,350,2025,March,4,-,"¥22,880",2025-03-03,Transfer,Rie
TXN-HNBDWQO9,499,2025,March,2,25% OFF,"¥10,725",2025-03-04,Card,Rie
TXN-6OATX7Z2,500,2025,March,4,25% OFF,"¥17,160",2025-03-04,Card,Rie
TXN-DXXH1K29,501,2025,March,4,25% OFF,"¥17,160",2025-03-04,Card,Rie
TXN-QYUOLA4M,392,2025,March,4,-,"¥15,840",2025-03-06,PayPay,Manna
TXN-QYUOLA4M,393,2025,March,4,-,"¥15,840",2025-03-06,PayPay,Manna
TXN-IUDCVDHX,251,2025,March,4,-,"¥22,880",2025-03-07,Card,Manna
TXN-77VDGMR4,306,2025,March,2,-,"¥14,300",2025-03-08,Cash,Fumika
TXN-2N9S2CFO,206,2025,March,4,-,"¥22,880",2025-03-08,Card,Fumika
TXN-6QD9WL93,221,2025,March,2,-,"¥14,300",2025-03-09,Cash,Fumika
TXN-8GITXDQ5,312,2025,March,4,-,"¥22,880",2025-03-11,Card,Rie
TXN-KTQMMG49,512,2025,March,2,-,"¥11,440",2025-03-11,PayPay,Rie
TXN-ZHW7QIIK,512,2025,April,4,-,"¥22,880",2025-03-11,PayPay,Rie
TXN-11SETN52,94,2025,March,2,-,"¥14,300",2025-03-12,Card,May
TXN-QWVNHC42,507,2025,March,4,-,"¥22,880",2025-03-12,Card,Manna
TXN-M2OFQJOQ,31,2025,March,2,-,"¥5,720",2025-03-14,Card,Fumika
TXN-HL4KKAOT,32,2025,March,2,-,"¥5,720",2025-03-14,Card,Fumika
TXN-2DXTP6T8,160,2025,April,2,-,"¥14,300",2025-03-15,Cash,May
TXN-7U7X77YA,513,2025,April,3,-,"¥21,450",2025-03-16,Card,Fumika
TXN-MGUL43EY,482,2025,April,2,-,"¥14,300",2025-03-18,Card,Rie
TXN-VM7W350Z,153,2025,April,2,-,"¥14,300",2025-03-19,Card,May
TXN-WSL1B5NY,411,2025,April,4,-,"¥15,840",2025-03-20,Card,May
TXN-W3WJP2OS,412,2025,April,4,-,"¥15,840",2025-03-20,Card,May
TXN-TMF2RQD3,206,2025,April,4,-,"¥22,880",2025-03-20,Cash,May
TXN-M0IPVQCN,328,2025,April,4,-,"¥22,880",2025-03-20,PayPay,Manna
TXN-1R40V235,455,2025,April,2,-,"¥14,300",2025-03-21,Card,Rie
TXN-MB1CTS40,362,2025,March,4,-,"¥22,880",2025-03-21,Transfer,Rie
TXN-WT8DN292,503,2025,April,2,-,"¥14,300",2025-03-21,Card,Manna
TXN-Q60K69BR,501,2025,April,4,-,"¥22,880",2025-03-21,Card,Manna
TXN-4L5HN0T6,500,2025,April,4,-,"¥22,880",2025-03-21,Card,Manna
TXN-G6T2V5TL,499,2025,April,2,-,"¥14,300",2025-03-21,Card,Manna
TXN-DNHIIO0X,425,2025,April,8,-,"¥39,600",2025-03-22,Card,Rie
TXN-WNM2OZUA,495,2025,April,2,-,"¥14,300",2025-03-22,Card,Rie
TXN-6TJ58OLW,475,2025,April,4,-,"¥22,880",2025-03-23,Card,Chiho
TXN-C32109I3,338,2025,April,4,-,"¥22,880",2025-03-23,Card,Chiho
TXN-UWJ567H4,438,2025,April,4,-,"¥22,880",2025-03-23,Card,Chiho
TXN-GQG7WMAX,494,2025,April,2,-,"¥14,300",2025-03-24,Card,Chiho
TXN-CLUYMKRR,312,2025,April,4,-,"¥22,880",2025-03-25,Card,Rie
TXN-ARYVA0ZH,343,2025,April,4,-,"¥22,880",2025-03-26,Card,May
TXN-AURDYGZR,7,2025,April,4,-,"¥17,600",2025-03-26,Cash,May
TXN-KG8KOYWK,110,2025,April,4,-,"¥22,880",2025-03-26,PayPay,May
TXN-7SS88J2C,507,2025,April,4,-,"¥22,880",2025-03-26,Transfer,Manna
TXN-PLPJK2IV,488,2025,April,2,-,"¥14,300",2025-03-26,Card,Manna
TXN-60KCM6HH,453,2025,April,4,-,"¥22,880",2025-03-26,Card,Manna
TXN-VHQ7GBN1,361,2025,April,8,-,"¥39,600",2025-03-27,PayPay,May
TXN-7TR2Q66M,292,2025,June,2,-,"¥14,300",2025-03-27,Card,May
TXN-LOI1GKO8,6,2025,April,4,-,"¥17,600",2025-03-27,Card,May
TXN-SOJU85JH,416,2025,April,4,-,"¥22,880",2025-03-27,Card,Manna
TXN-8BHZWFIV,461,2025,April,4,-,"¥22,880",2025-03-27,PayPay,Manna
TXN-8R4UMHJI,209,2025,April,2,-,"¥14,300",2025-03-28,Card,Rie
TXN-KBR334MQ,472,2025,April,4,-,"¥22,880",2025-03-28,Cash,Rie
TXN-7QYU42NC,504,2025,April,2,-,"¥14,300",2025-03-28,Card,Rie
TXN-R12VCB4N,421,2025,April,2,-,"¥14,300",2025-03-28,Card,Rie
TXN-QC8YJRWO,446,2025,April,4,-,"¥22,880",2025-03-28,Cash,May
TXN-O3MK91DF,457,2025,April,4,-,"¥22,880",2025-03-28,Card,May
TXN-YVSE27KQ,31,2025,April,2,-,"¥5,720",2025-03-28,Card,May
TXN-H8JBBWBS,32,2025,April,2,-,"¥5,720",2025-03-28,Card,May
TXN-06NX931H,392,2025,April,4,-,"¥15,840",2025-03-28,PayPay,May
TXN-EXO69YM7,393,2025,April,4,-,"¥15,840",2025-03-28,PayPay,May
TXN-B8KH0C24,448,2025,April,4,-,"¥22,880",2025-03-29,Card,May
TXN-C34DUO9V,267,2025,April,4,-,"¥22,880",2025-03-29,Card,May
TXN-G113I3IL,22,2025,April,4,-,"¥17,600",2025-03-29,PayPay,May
TXN-WLGG69Q7,508,2025,April,4,-,"¥22,880",2025-03-30,Card,Chiho
TXN-BTUA8SZG,253,2025,April,2,-,"¥14,300",2025-03-30,Card,Chiho
TXN-H2R0UU8E,509,2025,April,4,-,"¥22,880",2025-03-30,Card,Chiho
TXN-0778N9FN,269,2025,April,2,-,"¥14,300",2025-03-31,Card,Chiho
TXN-Y7DBMDJD,485,2025,April,4,-,"¥22,880",2025-03-31,Card,Chiho
TXN-EGF09WEN,370,2025,April,4,-,"¥22,880",2025-04-01,Transfer,Manna
TXN-1SD9V4E5,458,2025,April,4,-,"¥22,880",2025-04-01,Cash,Manna
TXN-X79UAMAO,518,2025,April,4,-,"¥22,880",2025-04-03,PayPay,May
TXN-Y9MNDQD2,421,2025,May,2,-,"¥14,300",2025-04-07,Card,Rie
TXN-MI0XJUTL,514,2025,April,2,-,"¥14,300",2025-04-08,Cash,Rie
TXN-EYMTG7RY,519,2025,May,4,-,"¥22,880",2025-04-10,Card,May
TXN-F48AKQJW,489,2025,April,2,-,"¥14,300",2025-04-10,Cash,Manna
TXN-SF4T4J3V,515,2025,April,4,-,"¥22,880",2025-04-11,Card,Rie
TXN-89ZBEABE,221,2025,April,2,-,"¥14,300",2025-04-12,PayPay,Fumika
TXN-V3WZK8VJ,251,2025,April,4,-,"¥22,880",2025-04-15,Card,Rie
TXN-WO02H7GN,269,2025,May,2,-,"¥14,300",2025-04-15,Card,Manna
TXN-OF33VGRM,31,2025,May,2,-,"¥5,720",2025-04-15,PayPay,Manna
TXN-OF33VGRN,32,2025,May,2,-,"¥5,720",2025-04-15,PayPay,Manna
TXN-BS83KACO,362,2025,April,4,-,"¥22,880",2025-04-16,Card,Manna
TXN-D3OYQXVT,153,2025,May,2,-,"¥14,300",2025-04-16,Card,Manna
TXN-2WCH8C7R,319,2025,April,2,-,"¥14,300",2025-04-17,Card,May
TXN-RJT3V2Z0,281,2025,April,4,-,"¥22,880",2025-04-18,Cash,Manna
TXN-D6SKFIXU,463,2025,May,2,-,"¥9,350",2025-04-19,Card,May
TXN-2HRWTOZ3,465,2025,May,2,-,"¥9,350",2025-04-19,Card,May
TXN-5XERQZWJ,160,2025,May,2,-,"¥14,300",2025-04-19,Cash,May
TXN-3A7OPCTP,523,2025,May,4,-,"¥22,880",2025-04-20,Card,Fumika
TXN-DLOPG5AN,512,2025,May,4,-,"¥22,880",2025-04-22,PayPay,Rie
TXN-9DXJBVM8,514,2025,May,2,-,"¥14,300",2025-04-22,Cash,Rie
TXN-C0XQ3NAS,515,2025,May,4,-,"¥22,880",2025-04-22,Card,Rie
TXN-HRGILPYG,453,2025,May,4,-,"¥22,880",2025-04-22,Card,Manna
TXN-EXN6DMWN,343,2025,May,4,-,"¥22,880",2025-04-23,Card,May
TXN-YKSO74MD,7,2025,May,4,-,"¥17,600",2025-04-23,Cash,May
TXN-VHX8AWJF,425,2025,May,8,-,"¥39,600",2025-04-23,Card,May
TXN-AFF7OJ5E,488,2025,May,2,-,"¥14,300",2025-04-23,Card,Manna
TXN-Q7WC3221,455,2025,May,2,-,"¥14,300",2025-04-24,Card,May
TXN-10JIOC1O,94,2025,May,2,-,"¥14,300",2025-04-24,Card,May
TXN-EAKHS5S5,6,2025,May,4,-,"¥17,600",2025-04-24,Card,May
TXN-TFJ1OYBW,416,2025,May,4,-,"¥22,880",2025-04-24,Card,Manna
TXN-QN1KU32O,461,2025,May,4,-,"¥22,880",2025-04-24,PayPay,Manna
TXN-C3YOG7YL,485,2025,May,4,-,"¥22,880",2025-04-25,Card,Rie
TXN-UE71HYBO,499,2025,May,2,-,"¥14,300",2025-04-25,Card,Rie
TXN-94HXWRTR,500,2025,May,4,-,"¥22,880",2025-04-25,Card,Rie
TXN-XBGK7GW9,501,2025,May,4,-,"¥22,880",2025-04-25,Card,Rie
TXN-O4UTAP8F,209,2025,May,2,-,"¥14,300",2025-04-25,Card,Rie
TXN-8K23MD8M,508,2025,May,2,-,"¥14,300",2025-04-25,Card,Rie
TXN-U1QN07KM,156,2025,May,2,-,"¥14,300",2025-04-25,Card,Rie
TXN-WGF6K7VT,328,2025,May,4,-,"¥22,880",2025-04-26,PayPay,May
TXN-EV1LWGDP,267,2025,May,4,-,"¥22,880",2025-04-26,Card,May
TXN-LKNHVM05,22,2025,May,5,-,"¥22,000",2025-04-26,PayPay,May
TXN-ABXJD2HK,481,2025,May,2,-,"¥14,300",2025-04-26,Card,May
TXN-P2YDJ7SM,504,2025,May,2,-,"¥14,300",2025-04-26,Card,May
TXN-HL5XZERT,392,2025,May,4,-,"¥15,840",2025-04-26,PayPay,May
TXN-K0YBY78G,393,2025,May,4,-,"¥15,840",2025-04-26,PayPay,May
TXN-QKO46BPY,495,2025,May,2,-,"¥14,300",2025-04-26,Card,May
TXN-614X8LOF,513,2025,May,2,-,"¥14,300",2025-04-27,Card,Fumika
TXN-29Card32P6,253,2025,May,2,-,"¥14,300",2025-04-27,Card,Fumika
TXN-606NK53Q,319,2025,May,2,-,"¥14,300",2025-04-27,Card,Fumika
TXN-O7M7QB15,338,2025,May,2,-,"¥14,300",2025-04-27,Card,Fumika
TXN-87WKQPIN,520,2025,May,2,-,"¥14,300",2025-04-28,PayPay,Rie
TXN-O6VNJYRX,438,2025,May,4,-,"¥22,880",2025-04-29,PayPay,Rie
TXN-BZH3TWVY,206,2025,May,4,-,"¥22,880",2025-04-29,Card,Rie
TXN-0XI6ETXN,494,2025,May,2,-,"¥14,300",2025-04-29,Cash,Manna
TXN-ZSN6BAFL,411,2025,May,8,-,"¥31,680",2025-04-29,Cash,Manna
TXN-I0M3PT6Z,509,2025,May,4,-,"¥22,880",2025-04-29,Card,Manna
TXN-ZKTQF3V6,458,2025,May,4,-,"¥22,880",2025-04-29,Cash,Manna
TXN-7ZDRYS22,446,2025,May,4,-,"¥22,880",2025-04-29,Cash,Manna
TXN-8ZA2G3PS,281,2025,May,4,-,"¥22,880",2025-04-30,Card,May
TXN-7RMIFL4U,472,2025,May,4,-,"¥22,880",2025-04-30,Cash,May
TXN-L2XIHL80,110,2025,May,4,-,"¥22,880",2025-04-30,PayPay,May
TXN-2O42XH3Z,507,2025,May,4,-,"¥22,880",2025-04-30,Transfer,Manna
TXN-C8T47W5O,482,2025,May,2,-,"¥14,300",2025-04-30,Cash,Manna
TXN-Z88OVBDG,522,2025,May,4,-,"¥22,880",2025-05-01,PayPay,May
TXN-SINYI5IU,312,2025,May,4,-,"¥22,880",2025-05-06,Card,Rie
TXN-PXEFJ8VA,518,2025,May,2,-,"¥14,300",2025-05-07,Card,May
TXN-LJ3SA850,251,2025,May,2,-,"¥11,440",2025-05-08,Card,May
TXN-T22PQSN4,288,2025,May,2,-,"¥11,440",2025-05-08,Card,May
TXN-7XDQLI9I,475,2025,May,4,-,"¥22,880",2025-05-08,Card,May
TXN-EKUQMD34,489,2025,May,2,-,"¥14,300",2025-05-08,Card,Manna
TXN-OF64R4RJ,337,2025,May,4,-,"¥22,880",2025-05-09,Card,Sham
TXN-SV7K80LB,94,2025,May,2,-,"¥14,300",2025-05-09,Card,Ana
TXN-OCEM0U3T,448,2025,May,4,-,"¥22,880",2025-05-10,Card,May
TXN-HO6I6BRF,370,2025,May,4,-,"¥22,880",2025-05-13,Transfer,Rie
TXN-3RS4ZN5C,153,2025,June,2,-,"¥14,300",2025-05-14,Card,Manna
TXN-8BQ6054B,523,2025,June,4,-,"¥22,880",2025-05-15,Card,May
TXN-AQJECGST,160,2025,June,2,-,"¥14,300",2025-05-17,Cash,Fumika
TXN-WC2QA7PR,529,2025,May,2,-,"¥14,300",2025-05-18,Cash,Fumika
TXN-WJFS935A,221,2025,May,2,-,"¥14,300",2025-05-18,Cash,Fumika
TXN-W28E7R8B,504,2025,June,2,N/A,"¥14,300",2025-05-20,Card,Rie
TXN-AB116SZR,508,2025,June,2,N/A,"¥14,300",2025-05-25,Card,Fumika
TXN-HK325HBM,421,2025,July,2,N/A,"¥14,300",2025-06-23,Card,Rie
TXN-ZXQAFZZD,533,2025,June,4,N/A,"¥15,840",2025-05-29,Cash,Rie
TXN-HHY4J95O,421,2025,June,2,N/A,"¥14,300",2025-05-26,Card,Rie
TXN-RTTVKG3L,494,2025,June,2,N/A,"¥14,300",2025-05-26,Card,Rie
TXN-NH6KXWXC,500,2025,June,4,N/A,"¥22,880",2025-05-26,Card,Rie
TXN-2BTZ4HIQ,501,2025,June,4,N/A,"¥22,880",2025-05-26,Card,Rie
TXN-2GU5DBMZ,533,2025,May,4,N/A,"¥22,880",2025-05-26,Cash,Rie
TXN-64LQGDXY,312,2025,June,4,N/A,"¥22,880",2025-05-27,Card,
TXN-RRLTIJCA,425,2025,June,8,N/A,"¥39,600",2025-05-27,Card,Rie
TXN-Y7TLWF0Q,458,2025,June,4,N/A,"¥22,880",2025-05-27,Cash,Rie
TXN-3UD0IB8F,522,2025,June,4,N/A,"¥22,880",2025-05-29,Paypay,May
TXN-FB8MT8YI,519,2025,June,4,N/A,"¥22,880",2025-05-29,Card,May
TXN-I3L59RGU,6,2025,June,4,N/A,"¥17,600",2025-05-29,Card,May
TXN-6GU86J5W,5,2025,June,4,N/A,"¥17,600",2025-05-29,Bank Transfer,May
TXN-DOUEM5EG,507,2025,June,4,N/A,"¥22,880",2025-05-29,Bank Transfer,May
TXN-960OIRSA,495,2025,June,2,N/A,"¥14,300",2025-05-29,Card,May
TXN-ZPQQ5AAI,489,2025,June,2,N/A,"¥14,300",2025-05-30,Bank Transfer,Rie
TXN-VMGBCE9Q,319,2025,June,2,N/A,"¥14,300",2025-05-30,Card,Rie
TXN-LUVF1Z3D,156,2025,June,2,N/A,"¥14,300",2025-05-30,Card,Rie
TXN-MHKXWH1D,411,2025,June,2,N/A,"¥9,350",2025-05-30,Cash,Rie
TXN-ZF7CIM3A,412,2025,June,2,N/A,"¥9,350",2025-05-30,Cash,Rie
TXN-SFC86AQY,32,2025,June,2,N/A,"¥5,720",2025-05-30,Card,Rie
TXN-NXGR1874,31,2025,June,2,N/A,"¥5,720",2025-05-30,Card,Rie
TXN-882OX00K,532,2025,June,4,N/A,"¥22,880",2025-05-30,Card,
TXN-13XFHENL,532,2025,May,1,N/A,"¥5,720",2025-05-30,Card,
TXN-V9MLG257,534,2025,June,4,N/A,"¥22,880",2025-05-29,Card,May
TXN-M87U34BY,448,2025,June,4,N/A,"¥22,880",2025-05-31,Card,May
TXN-05AF5MQA,253,2025,June,2,N/A,"¥14,300",2025-05-31,Card,May
TXN-EKWRET0I,253,2025,May,0,N/A,¥0,2025-05-31,Card,May
TXN-MRNPE470,267,2025,June,4,N/A,"¥22,880",2025-05-31,Card,May
TXN-5O3OFRTD,22,2025,June,4,N/A,"¥17,600",2025-05-31,Paypay,May
TXN-B1N6SB6X,337,2025,June,4,N/A,"¥22,880",2025-05-31,Card,May
TXN-L8GLRYUS,485,2025,June,4,25%,"¥17,160",2025-05-31,Card,May
TXN-P4EZEGJ2,463,2025,June,2,N/A,"¥9,350",2025-05-31,Card,May
TXN-3EF2M41G,465,2025,June,2,N/A,"¥9,350",2025-05-31,Card,May
TXN-868WI5ZV,94,2025,June,2,N/A,"¥14,300",2025-05-31,Card,May
TXN-MQRYP1VK,392,2025,June,4,N/A,,2025-05-31,Paypay,May
TXN-A8E4HQI2,393,2025,June,4,N/A,"¥15,840",2025-05-31,Paypay,May
TXN-CRO34CGU,438,2025,June,2,N/A,"¥14,300",2025-05-31,Paypay,May
TXN-6HLTSXQS,482,2025,June,2,N/A,"¥14,300",2025-05-31,Cash,May
TXN-EA9WK9MT,509,2025,June,4,N/A,"¥22,880",2025-05-31,Card,May
TXN-2C80CTBW,461,2025,June,4,N/A,"¥22,880",2025-06-05,Paypay,May
TXN-LCIVKLE4,530,2025,June,4,25%,"¥17,160",2025-06-05,Card,May
TXN-G4YDK3BK,370,2025,June,4,N/A,"¥22,880",2025-06-07,Bank Transfer,May
TXN-5MCJLBPF,343,2025,June,4,N/A,"¥22,880",2025-05-21,Card,May
TXN-JSPBZ75C,529,2025,June,2,N/A,"¥14,300",2025-06-08,Card,Chiho
TXN-B1L0B9EF,306,2025,May,2,N/A,"¥14,300",2025-05-21,Cash,Rie
TXN-TGZSV2K8,221,2025,June,2,N/A,"¥14,300",2025-06-13,Paypay,Rie
TXN-80KS0CK4,288,2025,June,2,N/A,"¥11,440",2025-06-13,Card,Rie
TXN-QO1W9YR7,251,2025,June,2,N/A,"¥11,440",2025-06-13,Card,Rie
TXN-BMMJX1M4,487,2025,June,2,N/A,"¥14,300",2025-06-14,Bank Transfer,Rie
TXN-QE123CUB,338,2025,July,2,N/A,"¥14,300",2025-06-17,Card,Rie
TXN-XOWE5Q5C,518,2025,June,2,N/A,"¥14,300",2025-05-21,Card,Rie
TXN-PCSWRLG2,518,2025,July,2,N/A,"¥14,300",2025-06-17,Card,Rie
TXN-BIRLW96I,269,2025,July,2,N/A,"¥14,300",2025-06-17,Card,Ayane
TXN-QLTO6OKC,411,2025,July,2,N/A,"¥9,350",2025-06-17,Cash,Ayane
TXN-T65AET1T,412,2025,July,2,N/A,"¥9,350",2025-06-17,Cash,Ayane
TXN-J1844J60,537,2025,July,2,N/A,"¥14,300",2025-06-18,Card,May
TXN-4X1D1POO,94,2025,July,2,N/A,"¥14,300",2025-06-20,Cash,Rie
TXN-QZ0IYPIK,494,2025,July,2,N/A,"¥14,300",2025-06-20,Card,Rie
TXN-OXQTP4JR,425,2025,July,4,N/A,"¥22,880",2025-06-21,Card,Haruka
TXN-997FWWD4,481,2025,July,2,N/A,"¥14,300",2025-06-21,Card,Haruka
TXN-28MGH7VR,495,2025,July,2,N/A,"¥14,300",2025-06-21,Card,Haruka
TXN-4P0QWHZZ,520,2025,July,2,N/A,"¥14,300",2025-06-22,Paypay,Rie
TXN-OAK1Y0PD,520,2025,June,2,N/A,"¥14,300",2025-05-22,Paypay,Rie
TXN-ABNCQIKK,513,2025,July,2,N/A,"¥14,300",2025-06-22,Card,Rie
TXN-BIFYCR1Y,513,2025,June,2,N/A,"¥14,300",2025-05-25,Card,Rie
TXN-L194T59F,160,2025,July,2,N/A,"¥14,300",2025-06-24,Cash,Rie
TXN-K64L8G04,312,2025,July,4,N/A,"¥22,880",2025-06-24,Card,Rie
TXN-UJKCFFUJ,504,2025,July,2,N/A,"¥14,300",2025-06-24,Card,
TXN-TQ7TZHOC,534,2025,July,4,N/A,"¥15,840",2025-06-24,Paypay,Haruka
TXN-X5A16M9O,533,2025,July,4,N/A,"¥15,840",2025-06-24,Paypay,Haruka
TXN-N8FXFGTG,458,2025,July,4,N/A,"¥22,880",2025-06-24,Cash,Haruka
TXN-RNFAGTS5,446,2025,July,4,N/A,"¥22,880",2025-06-24,Cash,Haruka
TXN-NYTYNZZN,110,2025,June,4,N/A,"¥22,880",2025-05-28,Paypay,Fumika
TXN-3PIXRRLB,292,2025,July,2,N/A,"¥14,300",2025-06-25,Card,May
TXN-TO8DA1P2,337,2025,July,4,N/A,"¥22,880",2025-06-25,Card,May
TXN-73LWP3RH,7,2025,June,4,N/A,"¥17,660",2025-05-28,Cash,Fumika
TXN-CB5NW54M,7,2025,July,4,N/A,"¥17,660",2025-06-25,Cash,May
TXN-H3OCAVYK,424,2025,July,4,N/A,"¥22,880",2025-06-25,Card,May
TXN-P2LMRI8I,153,2025,July,2,N/A,"¥14,300",2025-06-25,Card,Ayane
TXN-AJGMFAIB,455,2025,July,2,N/A,"¥14,300",2025-06-25,Cash,Ayane
TXN-KG3B929O,453,2025,July,4,N/A,"¥22,880",2025-06-25,Card,Ayane
TXN-MOXNFOSH,343,2025,July,4,N/A,"¥22,880",2025-06-26,Card,May
TXN-OGIZQSDV,519,2025,June,4,N/A,"¥22,880",2025-06-26,Card,May
TXN-OQWOZCCK,6,2025,July,4,N/A,"¥17,600",2025-06-26,Card,May
TXN-9F2Y4NOX,416,2025,July,4,N/A,"¥22,880",2025-06-26,Card,May
TXN-IX76NKCL,461,2025,June,4,N/A,"¥22,880",2025-06-26,Paypay,May
TXN-BZRRKV66,488,2025,July,2,N/A,"¥14,300",2025-06-26,Card,May
TXN-V5L2TFSL,501,2025,July,4,N/A,"¥22,880",2025-06-26,Cash,May
TXN-SMHBHAHJ,489,2025,June,2,N/A,"¥14,300",2025-06-26,Bank Transfer,May
TXN-YVIXIXM6,156,2025,July,2,N/A,"¥14,300",2025-06-27,Card,Rie
TXN-UTCOB97P,32,2025,July,2,N/A,"¥5,720",2025-06-27,Card,Haruka
TXN-M22K1DLR,31,2025,July,2,N/A,"¥5,720",2025-06-27,Card,Haruka
TXN-QZCC4J25,328,2025,June,4,N/A,"¥22,880",2025-06-28,Paypay,Rie
TXN-CXP0KXOG,328,2025,July,4,N/A,"¥22,880",2025-06-28,Paypay,Rie
TXN-MQ09OD2T,448,2025,July,4,N/A,"¥22,880",2025-06-28,Card,Rie
TXN-X6TWT9Q7,514,2025,July,2,N/A,"¥14,300",2025-06-28,Cash,Rie
TXN-2TI18B7B,512,2025,June,4,N/A,"¥22,880",2025-06-03,Paypay,Rie
TXN-DOO0QKQO,532,2025,July,4,N/A,"¥22,880",2025-06-28,Card,Rie
TXN-3JSLWCA8,463,2025,July,2,N/A,"¥9,350",2025-06-28,Paypay,Rie
TXN-F72UKL47,465,2025,July,2,N/A,"¥9,530",2025-06-28,Card,Rie
TXN-MD6P7WL8,22,2025,July,4,N/A,"¥17,600",2025-06-28,Paypay,Rie
TXN-5M0X6C7U,515,2025,July,4,N/A,"¥22,880",2025-06-29,Card,Rie
TXN-H0ZZJD74,515,2025,June,4,N/A,"¥22,880",2025-05-24,Card,Rie
TXN-3KG5DFCM,206,2025,June,2,N/A,"¥14,300",2025-06-29,Card,Rie
TXN-ATGYB0Q4,206,2025,July,4,N/A,"¥22,880",2025-06-29,Card,Rie
TXN-LTH9WNFG,267,2025,July,4,N/A,"¥22,880",2025-06-30,Card,Rie
TXN-6Z8YNTDY,392,2025,July,5,N/A,"¥17,875",2025-06-29,Card,Rie
TXN-2IWK4PIV,393,2025,July,5,N/A,"¥17,875",2025-06-29,Card,Rie
TXN-5Z6ZBPZG,509,2025,July,4,N/A,"¥22,880",2025-06-29,Card,Rie
TXN-JULCBOZ9,482,2025,July,2,N/A,"¥14,300",2025-06-30,Cash,Rie
TXN-A5XYT5CG,500,2025,July,4,N/A,"¥22,880",2025-07-02,Cash,May
TXN-OFVKALK2,110,2025,July,4,N/A,"¥22,880",2025-07-02,Paypay,May
TXN-CEF0FVLT,538,2025,July,2,N/A,"¥14,300",2025-07-04,Card,Ayane
TXN-8HJCXHV9,269,2025,August,2,N/A,"¥14,300",2025-07-08,Card,Haruka
TXN-GRRZ5GVO,535,2025,July,4,N/A,"¥22,880",2025-07-08,Cash,Haruka
TXN-61TTVI0R,251,2025,July,4,N/A,"¥22,880",2025-07-10,Card,May
TXN-YX9S2V0S,530,2025,July,2,N/A,"¥14,300",2025-07-10,Card,May
TXN-MGRZ31BA,370,2025,July,4,N/A,"¥22,880",2025-07-09,Bank Transfer,Haruka
TXN-IK9DGHQW,539,2025,July,4,N/A,"¥22,880",2025-07-06,Paypay,Haruka
TXN-OQK55115,338,2025,August,2,N/A,"¥14,300",2025-07-13,Card,May
TXN-KOQYTBHI,421,2025,August,2,N/A,"¥14,300",2025-07-14,Card,Rie
TXN-F39N3JNV,518,2025,August,2,N/A,"¥14,300",2025-07-15,Card,Rie
TXN-DFOWXFSG,538,2025,August,2,N/A,"¥14,300",2025-07-15,Card,Ayane
TXN-YUUVRS1W,411,2025,August,4,N/A,"¥15,840",2025-07-17,Cash,May
TXN-KXTL7516,412,2025,August,4,N/A,"¥15,840",2025-07-17,Cash,May
TXN-8PQGEASX,362,2025,July,4,N/A,"¥22,880",2025-07-18,Card,Rie
TXN-PKB6CX63,481,2025,August,2,N/A,"¥14,300",2025-07-19,Card,Haruka
TXN-GSX4CD0X,544,2025,August,5,N/A,"¥24,750",2025-07-20,Card,May
TXN-9YZUZYXO,458,2025,August,3,N/A,"¥21,450",2025-07-22,Cash,Ayane
TXN-L4RDB6XG,343,2025,August,4,N/A,"¥22,880",2025-07-23,Card,May
TXN-IX3W10YC,488,2025,August,2,N/A,"¥14,300",2025-07-23,Card,Ayane
TXN-2I0DQS9Y,453,2025,August,4,N/A,"¥22,880",2025-07-23,Card,Ayane
TXN-A3VC70WM,494,2025,August,4,N/A,"¥22,880",2025-07-24,Card,May
TXN-PPQ336XT,461,2025,August,4,N/A,"¥22,880",2025-07-24,Paypay,May
TXN-HFTH42DO,94,2025,August,2,N/A,"¥14,300",2025-07-25,Card,Rie
TXN-KK2ZD914,156,2025,August,2,N/A,"¥14,300",2025-07-25,Card,Rie
TXN-G306AGAK,512,2025,July,2,N/A,"¥11,440",2025-07-25,Paypay,Rie
TXN-W8KNKHXR,512,2025,August,4,N/A,"¥22,880",2025-07-25,Paypay,Rie
TXN-VFNE923P,532,2025,August,5,N/A,"¥28,600",2025-07-25,Card,Rie
TXN-6ANIFQEK,337,2025,August,4,N/A,"¥22,880",2025-07-25,Card,Haruka
TXN-LC89WZPJ,416,2025,August,4,N/A,"¥22,880",2025-07-25,Card,Haruka
TXN-KMPAEGYV,31,2025,August,2,N/A,"¥5,720",2025-07-25,Card,Haruka
TXN-4K7C36BY,32,2025,August,2,N/A,"¥5,720",2025-07-25,Card,Haruka
TXN-V8LEW0E3,515,2025,August,4,N/A,"¥22,880",2025-07-26,Card,Ayane
TXN-OW3WQ6JF,539,2025,August,4,N/A,"¥22,880",2025-07-26,Card,Ayane
TXN-I7IHGYG2,328,2025,August,4,N/A,"¥22,880",2025-07-26,Paypay,Ayane
TXN-N7C029ND,448,2025,August,4,N/A,"¥22,880",2025-07-26,Card,Ayane
TXN-7HYYV7VZ,22,2025,August,5,N/A,"¥22,000",2025-07-26,Paypay,Ayane
TXN-QOZF6SVA,513,2025,August,2,N/A,"¥14,300",2025-07-26,Card,Ayane
TXN-K8Y9A94M,463,2025,August,2,N/A,"¥9,350",2025-07-26,Paypay,Ayane
TXN-PS52V7TA,465,2025,August,2,N/A,"¥9,350",2025-07-26,Card,Ayane
TXN-SWDOB6SA,548,2025,August,4,N/A,"¥22,880",2025-07-26,Card,Ayane
TXN-ZDGE88MC,495,2025,August,2,N/A,"¥14,300",2025-07-26,Card,Ayane
TXN-3KD3FUYW,206,2025,August,2,N/A,"¥14,300",2025-07-27,Card,Haruka
TXN-MTKB8ZSM,267,2025,August,4,N/A,"¥22,880",2025-07-27,Card,Haruka
TXN-3564U5B6,509,2025,August,4,N/A,"¥22,880",2025-07-27,Card,Khacey
TXN-N3PF70CC,504,2025,August,2,N/A,"¥14,300",2025-07-28,Card,Rie
TXN-M4T693UX,425,2025,August,4,N/A,"¥22,880",2025-07-29,Card,Ayane
TXN-1T2H2Z75,535,2025,August,4,N/A,"¥22,880",2025-07-29,Card,Ayane
TXN-OR74VRIL,485,2025,July,4,N/A,"¥22,880",2025-07-18,Card,Ayane
TXN-VON3NB5Y,446,2025,August,2,N/A,"¥14,300",2025-07-29,Cash,Ayane
TXN-SWFH6RK1,110,2025,August,4,N/A,"¥22,880",2025-07-30,Paypay,May
TXN-32ZRQSDP,7,2025,August,4,N/A,"¥17,600",2025-07-30,Cash,May
TXN-MB1P4CS4,153,2025,August,2,N/A,"¥14,300",2025-07-30,Card,May
TXN-WS2NB0GB,455,2025,August,2,N/A,"¥14,300",2025-07-30,Cash,Haruka
TXN-XVWLKIB4,520,2025,August,2,N/A,"¥14,300",2025-07-31,Card,May
TXN-FXE5VZ4K,519,2025,August,2,N/A,"¥14,300",2025-07-31,Card,May
TXN-ZRKNWQ7N,482,2025,August,2,N/A,"¥14,300",2025-07-31,Cash,Ayane
TXN-9K3H3DHS,500,2025,August,4,N/A,"¥22,880",2025-07-31,Cash,Ayane
TXN-BQQ2BF0U,501,2025,August,2,N/A,"¥14,300",2025-07-31,Cash,Ayane
TXN-548Q2XPQ,209,2025,August,4,N/A,"¥22,880",2025-08-01,Card,Rie
TXN-D790EXQ0,288,2025,July,2,N/A,"¥11,440",2025-07-10,Card,Ayane
TXN-UQXC2C2B,288,2025,August,2,N/A,"¥11,440",2025-08-02,Card,Ayane
TXN-C9K2WGXY,251,2025,August,2,N/A,"¥11,440",2025-08-02,Card,Ayane
TXN-2WDBOXH9,543,2025,August,4,N/A,"¥22,880",2025-08-03,Cash,Khacey
TXN-JD0ISD0A,543,2025,July,4,N/A,"¥22,880",2025-07-05,Cash,Fumika
TXN-0Q8XGK4Y,472,2025,August,4,N/A,"¥22,880",2025-08-04,Cash,Haruka
TXN-8UU68FND,392,2025,August,4,N/A,"¥15,840",2025-08-04,Paypay,Haruka
TXN-LXLDIUV5,393,2025,August,4,N/A,"¥15,840",2025-08-04,Paypay,Haruka
TXN-0WTE8VGR,312,2025,August,4,N/A,"¥22,880",2025-08-05,Card,Rie
TXN-UYNAL59U,549,2025,August,4,N/A,"¥22,880",2025-08-05,Card,Rie
TXN-WO3UVTSR,160,2025,August,2,N/A,"¥14,300",2025-07-29,Cash,Ayane
TXN-IN6VCPRL,489,2025,August,2,N/A,"¥14,300",2025-08-04,Bank Transfer,Ayane
TXN-CJWOGSNQ,475,2025,August,4,N/A,"¥22,880",2025-08-05,Cash,Ayane
TXN-UHN2JO5S,534,2025,August,4,N/A,"¥15,840",2025-08-07,Paypay,May
TXN-ZTJ9A6DO,533,2025,August,4,N/A,"¥15,840",2025-08-07,Card,May
TXN-75H4GHFF,306,2025,August,2,N/A,"¥14,300",2025-08-08,Cash,Rie
TXN-4K1Y7R5U,221,2025,August,2,N/A,"¥14,300",2025-08-09,Card,May
TXN-QCPWQCCW,550,2025,August,4,N/A,"¥22,880",2025-08-11,Card,Ayane
TXN-KOAJBIX3,485,2025,August,4,N/A,"¥22,880",2025-08-12,Card,Ayane
TXN-M3SZMV2T,553,2025,August,2,N/A,,2025-08-13,Card,May
TXN-3ZSUQFN3,338,2025,September,2,N/A,¥0,2025-08-20,Card,May
TXN-HDD956VZ,554,2025,August,4,N/A,"¥22,880",2025-08-19,Cash,Ayane
TXN-YIFA3TFL,412,2025,September,4,N/A,"¥15,840",2025-08-20,Cash,Ayane
TXN-0R0NTSWH,411,2025,September,4,N/A,"¥15,840",2025-08-20,Cash,Ayane
TXN-SXOY0R02,538,2025,September,2,N/A,"¥14,300",2025-08-20,Card,Ayane
TXN-46Z70XX6,520,2025,September,2,N/A,¥0,2025-08-21,Paypay,May
TXN-N8NHS015,485,2025,September,4,N/A,"¥22,880",2025-08-22,Card,Rie
TXN-M1PCZECM,156,2025,October,2,N/A,"¥14,300",2025-08-22,Card,Rie
TXN-SA76VN17,209,2025,September,2,N/A,"¥14,300",2025-08-22,Card,Rie
TXN-CZJG4A0K,206,2025,September,4,,"¥22,880",2025-08-23,Card,Haruka
TXN-WRYQUVMT,328,2025,September,4,N/A,"¥22,880",2025-08-23,PayPay,Haruka
TXN-YV1CAYHQ,495,2025,September,2,,"¥14,300",2025-08-23,Card,Haruka
TXN-MAAKS6RV,481,2025,September,2,,"¥14,300",2025-08-23,Card,Haruka
TXN-V8BX3NHM,438,2025,September,2,,"¥14,300",2025-08-23,PayPay,Haruka
TXN-0ZSCNM3U,362,2025,August,4,,"¥22,880",2025-08-24,Card,Rie
TXN-LR3SJ2KZ,337,2025,September,4,,"¥22,880",2025-09-01,Card,Rie
TXN-CT30R4UA,267,2025,September,4,N/A,"¥22,880",2025-08-24,Card,Rie
TXN-UFL2PYCO,312,2025,September,4,,"¥22,880",2025-08-26,Card,Rie
TXN-KP1VWP8X,549,2025,September,4,,"¥22,880",2025-08-26,Card,Rie
TXN-HRDTKVTO,553,2025,September,4,,"¥22,880",2025-08-26,Card,Rie
TXN-R1T3Q10A,269,2025,September,4,,"¥22,880",2025-08-26,Card,Ayane
TXN-8SV7S7W6,458,2025,September,4,,"¥22,880",2025-08-26,Cash,Ayane
TXN-T8OD3GMU,446,2025,September,4,,"¥22,880",2025-08-26,Cash,Ayane
TXN-BGTOPU09,343,2025,August,4,,"¥22,880",2025-08-27,Card,May
TXN-7NX2XDDJ,7,2025,September,4,,"¥17,600",2025-08-27,Card,May
TXN-41KZQX8V,110,2025,September,0,,¥0,2025-08-27,PayPay,May
TXN-9CZ5YR9D,519,2025,September,4,,"¥22,880",2025-08-28,Card,Ayane
TXN-ZPC9UC5V,416,2025,September,4,,"¥22,880",2025-08-28,Card,
TXN-50ATZWBX,461,2025,September,4,,"¥22,880",2025-08-28,PayPay,
TXN-8NC4SD4C,500,2025,September,4,,"¥22,880",2025-08-28,Cash,May
TXN-96NY355Z,501,2025,September,4,,"¥22,880",2025-08-28,Cash,May
TXN-P9Y1QV00,94,2025,September,2,,"¥11,440",2025-08-29,Card,
TXN-PKCAH6V8,535,2025,September,4,,"¥22,880",2025-08-29,Card,
TXN-38DKZT02,532,2025,September,2,,"¥14,300",2025-08-29,Card,
TXN-1SKHPKFV,22,2025,September,4,,"¥17,600",2025-08-30,Card,Khacey
TXN-6EX22E7J,481,2025,June,2,,"¥14,300",2025-05-24,Card,Khacey
TXN-MG7HS7OV,515,2025,September,4,,"¥22,880",2025-08-24,Card,Khacey
TXN-1AY82KZ1,463,2025,September,2,,"¥9,350",2025-08-30,Card,Khacey
TXN-BGHDGCO0,465,2025,September,2,,"¥9,350",2025-08-30,Card,Khacey
TXN-JYLABNOB,160,2025,September,2,,"¥14,300",2025-08-30,Cash,Khacey
TXN-JIAYDTVV,514,2025,September,2,,"¥14,300",2025-08-31,Cash,Rie
TXN-5U2LUAMZ,31,2025,September,2,,"¥5,720",2025-08-31,Card,Rie
TXN-35A224G3,509,2025,September,4,,"¥22,880",2025-08-31,Card,Rie
TXN-OCGO5XA9,507,2025,August,4,,"¥22,880",2025-08-31,Card,Rie
TXN-ICICYCQT,513,2025,September,2,,"¥14,300",2025-08-31,Card,Rie
TXN-2GZ3FLV9,425,2025,September,4,,"¥22,880",2025-08-27,Card,Rie
TXN-H0IIEA8J,489,2025,September,2,,"¥14,300",2025-09-02,Bank,Rie
TXN-GH8TIF9D,392,2025,September,4,,"¥15,840",2025-08-27,PayPay,Rie
TXN-BM2FDK82,518,2025,September,2,,"¥14,300",2025-09-02,Card,Fumika
TXN-QWMFVAO5,555,2025,September,4,,"¥22,880",2025-09-02,Card,Fumika
TXN-Y958MXSL,475,2025,September,4,,"¥22,880",2025-09-02,Card,Fumika
TXN-LSBBLU1U,544,2025,September,4,,"¥22,880",2025-09-03,Card,Haruka
TXN-UP9XXFBE,494,2025,September,2,,"¥14,300",2025-09-04,Card,May
TXN-RS0Z7RLM,559,2025,September,4,,"¥22,880",2025-09-04,Card,May
TXN-MKB67SVS,557,2025,September,4,,"¥22,880",2025-09-05,Card,Rie
TXN-1LCG6BHR,560,2025,September,4,,"¥22,880",2025-09-05,Card,Rie
TXN-207XBII6,472,2025,September,4,,"¥22,880",2025-09-05,Cash,Rie
TXN-PFPNIEOC,251,2025,September,2,,"¥14,300",2025-09-05,Card,Haruka
TXN-UTA4CCTL,288,2025,September,2,,"¥14,300",2025-09-05,Card,Haruka
TXN-AHF3JKSX,551,2025,September,2,,"¥14,300",2025-09-05,Card,Haruka
TXN-I93FFSSR,546,2025,September,4,,"¥22,880",2025-09-08,Card,Fumika
TXN-MPCXB6XM,546,2025,October,4,,"¥22,880",2025-09-08,Card,Fumika
TXN-I48N2Q77,569,2025,October,2,,"¥14,300",2025-09-09,Card,Rie
TXN-6KNXI0OV,565,2025,September,4,,"¥22,880",2025-09-09,Card,
TXN-Q0J8BE7F,548,2025,September,4,,"¥22,880",2025-09-09,Card,Rie
TXN-1OGJDP52,562,2025,October,5,,"¥28,600",2025-09-10,Card,Rie
TXN-HJ4XLTEQ,550,2025,September,4,,"¥22,880",2025-09-10,Card,Rie
TXN-WMJHCO5B,343,2025,September,4,,"¥22,880",2025-09-10,Card,Rie
TXN-ZEZQ262V,393,2025,September,4,,"¥15,840",2025-09-10,PayPay,Rie
TXN-3QPH7AAK,534,2025,September,4,,"¥15,840",2025-09-10,PayPay,Rie
TXN-SPUOVTPE,533,2025,September,4,,"¥15,840",2025-09-10,Card,Rie
TXN-M0WL93OI,421,2025,September,2,,"¥14,300",2025-09-10,Card,Rie
TXN-TAW28H24,543,2025,September,4,,"¥22,880",2025-09-10,Cash,Rie
TXN-VLVTSL2N,319,2025,September,2,,"¥14,300",2025-09-10,Card,Rie
TXN-D5CGEUU4,482,2025,September,2,,"¥14,300",2025-09-10,Cash,Rie
TXN-F8MBWSBM,455,2025,September,2,,"¥14,300",2025-09-10,Card,Rie
TXN-DYTYLU5Z,453,2025,September,3,,"¥21,450",2025-09-10,Card,Rie
TXN-2LJ800ZU,32,2025,September,2,,"¥5,720",2025-09-10,Card,Rie
TXN-AU89Z4S0,564,2025,October,4,,"¥22,880",2025-09-13,PayPay,Khacey
TXN-SIKER2RI,153,2025,September,2,,"¥14,300",2025-09-14,Card,Chiho
TXN-87BWGJSC,539,2025,September,4,,"¥22,880",2025-08-30,PayPay,Rie
TXN-ICKH6F8W,563,2025,October,2,,"¥14,300",2025-09-16,Card,Rie
TXN-JEV06I5I,221,2025,September,2,,"¥14,300",2025-09-16,PayPay,Rie
TXN-TR8C8NW5,338,2025,October,2,,"¥14,300",2025-09-17,Card,May
TXN-AXYUVWCS,187,2025,September,2,,"¥14,300",2025-09-18,Card,May
TXN-KDX24LJY,448,2025,September,4,,"¥22,880",2025-09-20,Card,Chiho
TXN-BNQJUJJG,481,2025,October,2,,"¥14,300",2025-09-20,Card,Chiho
TXN-APGJBWEX,22,2025,October,4,,"¥17,600",2025-09-20,PayPay,Chiho
TXN-WNOR5NY2,520,2025,October,2,,"¥14,300",2025-09-21,PayPay,Rie
TXN-20KFYXNB,513,2025,October,2,,"¥14,300",2025-09-21,Card,Rie
TXN-9N7HSDO5,572,2025,October,4,,"¥22,880",2025-09-22,Card,May
TXN-FNIO40E7,153,2025,October,2,,"¥14,300",2025-09-22,Card,May
TXN-C2EKAOJS,362,2025,September,4,,"¥22,880",2025-09-23,Card,Rie
TXN-JQ0DLTHF,514,2025,October,2,,"¥14,300",2025-09-23,Cash,Rie
TXN-AX1G9E9K,549,2025,October,4,,"¥22,880",2025-09-23,Card,Rie
TXN-YVBMVAQS,507,2025,September,4,,"¥22,880",2025-09-23,Bank,Rie
TXN-ZGI9G8XW,518,2025,October,2,,"¥14,300",2025-09-23,Card,Haruka
TXN-VNCQPRZW,458,2025,October,4,,"¥22,880",2025-09-23,Card,
TXN-OOOOEN74,343,2025,October,4,,"¥22,880",2025-09-24,Card,May
TXN-S3DJH1AM,7,2025,October,4,,"¥17,600",2025-09-24,Cash,May
TXN-M7DKJXG9,515,2025,October,4,,"¥22,880",2025-09-24,Card,May
TXN-CA2VODWC,446,2025,October,4,,"¥22,880",2025-09-24,Cash,Haruka
TXN-LZ6H69FA,453,2025,October,4,,"¥22,880",2025-09-24,Card,Haruka
TXN-IOK7KHCV,5,2025,October,5,,"¥22,000",2025-09-25,Bank,Rie
TXN-VN2JKF9K,519,2025,October,2,,"¥14,300",2025-09-25,Card,Rie
TXN-1IZVG3N9,187,2025,October,2,,"¥14,300",2025-09-25,Card,May
TXN-KPM213MF,421,2025,October,2,,"¥14,300",2025-09-25,Card,May
TXN-CYQQJ3Q6,461,2025,October,4,,"¥22,880",2025-09-25,PayPay,May
TXN-UYIXJWNL,533,2025,October,5,,"¥19,800",2025-09-25,Card,May
TXN-0YE2VHI1,500,2025,October,4,,"¥22,880",2025-09-25,Cash,May
TXN-EDRVJHWL,501,2025,October,4,,"¥22,880",2025-09-25,Cash,May
TXN-269MQEII,489,2025,October,2,,"¥14,300",2025-09-25,Card,May
TXN-K6DW948G,319,2025,October,2,,"¥14,300",2025-09-26,Card,Rie
TXN-IRDBP180,209,2025,October,2,,"¥14,300",2025-09-26,Card,Rie
TXN-PHBS94A2,553,2025,October,4,,"¥22,880",2025-09-26,PayPay,Rie
TXN-JUCG8Z68,110,2025,October,4,,"¥22,880",2025-09-26,Card,Haruka
TXN-4PG23W06,485,2025,October,4,,"¥22,880",2025-09-26,Card,Haruka
TXN-HEW9GP5S,31,2025,October,2,,"¥5,720",2025-09-26,Card,Haruka
TXN-NZ7FY78R,32,2025,October,2,,"¥5,720",2025-09-26,Card,Haruka
TXN-0V80VOFK,463,2025,October,2,,"¥9,350",2025-09-27,Card,May
TXN-5INAO2IA,465,2025,October,2,,"¥9,350",2025-09-27,Card,May
TXN-D31D0XOQ,448,2025,October,4,,"¥22,880",2025-09-27,Card,May
TXN-VK21OMAX,448,2025,October,4,,"¥22,880",2025-09-27,Card,May
TXN-ZVOIH8H5,337,2025,October,4,,"¥22,880",2025-09-27,Card,May
TXN-XG67GXOL,495,2025,October,2,,"¥14,300",2025-09-27,Card,May
TXN-EMO34WTR,328,2025,October,4,,"¥22,880",2025-09-27,PayPay,May
TXN-ZPG0Y8JM,532,2025,October,4,,"¥22,880",2025-09-27,Card,May
TXN-UUZDR5FE,160,2025,October,2,,"¥14,300",2025-09-29,Cash,Rie
TXN-P42NK4CK,206,2025,October,4,,"¥22,880",2025-09-29,Card,Rie
TXN-I7F0IPBK,267,2025,October,4,,"¥22,880",2025-09-29,Card,Rie
TXN-QRH0OREE,482,2025,October,2,,"¥14,300",2025-09-29,Cash,Rie
TXN-D881ERDY,559,2025,October,4,,"¥22,880",2025-09-29,Card,Rie
TXN-H438HF0Y,392,2025,October,5,,"¥19,800",2025-09-29,PayPay,Rie
TXN-GTPDYATX,393,2025,October,5,,"¥19,800",2025-09-29,PayPay,Rie
TXN-EBGV52IN,455,2025,October,2,,"¥14,300",2025-09-30,Card,Rie
TXN-TS91XXLQ,416,2025,October,4,,"¥22,880",2025-09-30,Card,Rie
TXN-87UJTPCH,269,2025,October,4,,"¥22,880",2025-09-30,Card,Haruka
TXN-BC2HA7QP,475,2025,October,4,,"¥22,880",2025-09-30,Card,Haruka
TXN-NKL9ZZDL,548,2025,October,4,,"¥22,880",2025-09-30,Card,Haruka
TXN-C1LWCI3U,509,2025,October,4,,"¥22,880",2025-09-30,Card,Haruka
TXN-RPMKSF7U,582,2025,October,8,,"¥39,600",2025-10-02,Card,May
TXN-FEJCJTZP,534,2025,October,5,,"¥19,800",2025-10-02,Card,Fumika
TXN-1IWIEX9A,362,2025,October,4,,"¥22,880",2025-10-03,Card,Rie
TXN-MXF9ID0B,551,2025,October,2,,"¥14,300",2025-10-04,PayPay,Rie
TXN-OQIPZ486,555,2025,October,4,,"¥22,880",2025-10-05,Card,Rie
TXN-M17VFVNB,568,2025,October,4,,"¥22,880",2025-10-05,Card,Rie
TXN-4UM11N1W,546,2025,November,4,,"¥22,880",2025-10-06,Card,May
TXN-YTDFYJXS,412,2025,October,2,,"¥9,350",2025-10-06,Cash,May
TXN-0DS7L1R1,494,2025,October,2,,"¥14,300",2025-10-07,Card,Rie
TXN-ZFQ9WS0Q,579,2025,October,4,,"¥22,880",2025-10-07,Card,Rie
TXN-8YFZQ8ID,288,2025,October,1,,"¥7,150",2025-10-11,Card,Haruka
TXN-H1WPDZYV,251,2025,October,3,,"¥21,450",2025-10-11,Card,Haruka
TXN-SX8OSNGY,543,2025,October,4,,"¥22,880",2025-10-11,Cash,Haruka
TXN-J1H1XL1S,573,2025,October,2,,"¥14,300",2025-10-11,Card,Haruka
TXN-ZWGFLVD2,544,2025,October,4,,"¥22,880",2025-10-12,Card,Khacey
TXN-VURTE2CZ,472,2025,October,4,,"¥22,880",2025-10-14,Cash,Rie
TXN-CM24V5PA,338,2025,November,2,,"¥14,300",2025-10-16,Card,May
TXN-5D4T2HX2,583,2025,November,4,0,"¥22,880",2025-10-16,Card,May
TXN-CC96LNQI,551,2025,November,2,,"¥14,300",2025-10-18,PayPay,Haruka
TXN-DB9JI7AD,481,2025,November,2,,"¥14,300",2025-10-18,Card,Haruka
TXN-WZ2X0AER,153,2025,November,2,,"¥14,300",2025-10-20,Card,Rie
TXN-9V9SPFGP,553,2025,November,4,,"¥22,880",2025-10-20,Card,Rie
TXN-6ARI0O0O,577,2025,October,2,,"¥9,350",2025-10-20,Card,Rie
TXN-BTNNMDWA,576,2025,October,2,,"¥9,350",2025-10-20,Card,Rie
TXN-2KAEEBVX,557,2025,October,4,,"¥22,880",2025-10-21,Card,Rie
TXN-PU5ZSXKW,548,2025,November,4,,"¥22,880",2025-10-21,Card,Haruka
TXN-YS3M3A7Q,453,2025,November,2,,"¥14,300",2025-10-22,Card,Fumika
TXN-TFUDRA5F,319,2025,November,2,,"¥14,300",2025-10-23,Card,May
TXN-F0AU51KJ,187,2025,November,2,,"¥14,300",2025-10-23,Cash,Fumika
TXN-WY186D00,461,2025,November,4,,"¥22,880",2025-10-23,PayPay,Fumika
TXN-TPKA3BE5,573,2025,November,2,,"¥14,300",2025-10-23,Card,Fumika
TXN-V9XTBD60,572,2025,November,4,,"¥22,880",2025-10-24,Card,Rie
TXN-XPA406HH,156,2025,November,2,,"¥14,300",2025-10-24,Card,Rie
TXN-HAAZD5K7,421,2025,November,2,,"¥14,300",2025-10-24,Card,Rie
TXN-42HW8MB2,463,2025,November,2,,"¥9,350",2025-10-25,Card,
TXN-8LP19492,465,2025,November,2,,"¥9,350",2025-10-25,Card,Haruka
TXN-FWJDLTDW,328,2025,November,4,,"¥22,880",2025-10-25,PayPay,Haruka
TXN-UDQJ63K3,518,2025,November,2,,"¥14,300",2025-10-25,Card,Haruka
TXN-E9D0UJ8X,22,2025,November,4,,"¥17,600",2025-10-25,PayPay,Haruka
TXN-Y30CJVTH,569,2025,November,2,,"¥14,300",2025-10-26,Card,May
TXN-GAOVD5AD,515,2025,November,4,,"¥22,880",2025-10-26,Card,May
TXN-6DDVRWSY,267,2025,November,4,,"¥22,880",2025-10-26,Card,May
TXN-HZNKOIOX,337,2025,November,4,,"¥22,880",2025-10-26,Card,May
TXN-GOKWNQEX,448,2025,November,4,,"¥22,880",2025-10-26,Card,May
TXN-255TNTLE,206,2025,November,4,,"¥22,880",2025-10-26,Card,May
TXN-KPPNA43Z,535,2025,November,4,,"¥22,880",2025-10-26,Card,May
TXN-IB7S1D4G,489,2025,November,2,,"¥14,300",2025-10-26,Card,May
TXN-UCNY8LNX,549,2025,November,4,,"¥22,880",2025-10-28,Card,Rie
TXN-PX3GGFTS,269,2025,November,4,,"¥22,880",2025-10-28,Card,Haruka
TXN-QOOCNPF1,475,2025,November,4,,"¥22,880",2025-10-28,Card,Haruka
TXN-P81NREU2,458,2025,November,4,,"¥22,880",2025-10-28,Card,Haruka
TXN-KERJS548,446,2025,November,4,,"¥22,880",2025-10-28,Cash,Haruka
TXN-Y2WLFD5I,562,2025,November,4,,"¥22,880",2025-10-29,Card,May
TXN-PCJZWP9Z,343,2025,November,4,,"¥22,880",2025-10-29,Card,May
TXN-K6OYHATQ,587,2025,November,4,,"¥22,880",2025-10-29,Card,May
TXN-0JRL0B3H,392,2025,November,4,,"¥15,840",2025-10-29,PayPay,Haruka
TXN-WUP0QI0D,393,2025,November,4,,"¥15,840",2025-10-29,PayPay,Haruka
TXN-F0RSQVNS,455,2025,November,2,,"¥14,300",2025-10-30,Card,May
TXN-SYIF8F0D,455,2025,December,2,,"¥14,300",2025-10-30,Card,May
TXN-S7IWDZ4E,520,2025,November,2,,"¥14,300",2025-10-30,PayPay,May
TXN-IJTPAOP2,519,2025,November,2,,"¥14,300",2025-10-30,Card,May
TXN-FXQ0RDRT,416,2025,November,4,,"¥22,880",2025-10-30,Card,Fumika
TXN-PHIGILQO,559,2025,November,4,,"¥22,880",2025-10-30,Card,Fumika
TXN-2QYBFU84,500,2025,November,2,,"¥14,300",2025-10-30,Cash,Fumika
TXN-ESKTILNP,501,2025,November,2,,"¥14,300",2025-10-30,Cash,Fumika
TXN-WHM13ZFT,532,2025,November,4,,"¥22,880",2025-10-31,Card,Rie
TXN-WSEBVJIY,425,2025,October,4,,"¥22,880",2025-09-26,Card,Rie
TXN-U5OHVTCQ,110,2025,November,4,,"¥22,880",2025-10-31,PayPay,Rie
TXN-0LZGNRC5,31,2025,November,2,,"¥5,720",2025-10-31,Card,Rie
TXN-T1K2H366,32,2025,November,2,,"¥5,720",2025-10-31,Card,Rie
TXN-HAAMNSJL,509,2025,November,4,,"¥22,880",2025-11-03,Card,May
TXN-08HRHPEV,555,2025,November,4,,"¥22,880",2025-11-03,Card,May
TXN-U1IXX32A,543,2025,November,4,,"¥22,880",2025-11-03,Cash,May
TXN-NJBJ4R91,160,2025,November,2,,"¥14,300",2025-10-31,Cash,Rie
TXN-UCIXSODJ,507,2025,November,4,,"¥22,880",2025-11-04,Bank,Rie
TXN-02KMXB3T,585,2025,November,4,0,"¥22,880",2025-11-04,Card,Rie
TXN-Q8NJKV9F,564,2025,November,4,,"¥22,880",2025-10-22,PayPay,Rie
TXN-VKVZO0U0,560,2025,October,4,,"¥22,880",2025-10-03,Card,Rie
TXN-M6EH55OO,513,2025,November,2,,"¥14,300",2025-10-19,Card,Rie
TXN-CAW1937H,538,2025,November,2,,"¥14,300",2025-11-04,Card,Rie
TXN-1RJVQ4XZ,544,2025,November,3,,"¥21,450",2025-11-04,PayPay,Rie
TXN-BA2363GZ,209,2025,November,2,,"¥14,300",2025-10-24,Card,Rie
TXN-67F62EYO,7,2025,November,4,,"¥17,600",2025-10-29,Cash,May
TXN-8FPXJBOK,495,2025,November,2,,"¥14,300",2025-11-05,Card,
TXN-GBOJFJET,582,2025,November,8,,"¥39,600",2025-11-05,Card,May
TXN-GSIKG7UF,560,2025,November,4,0,"¥22,880",2025-11-06,Card,Fumika
TXN-KF8RXTR1,534,2025,November,4,0,"¥15,840",2025-11-06,Card,
TXN-TGR3DAP3,533,2025,November,4,,"¥15,840",2025-11-06,Card,
TXN-6OOZ07II,425,2025,November,4,,"¥22,880",2025-10-26,Card,Rie
TXN-2HF3QQYQ,583,2025,November,1,20,"¥5,720",2025-11-08,Card,Haruka
TXN-UCZ8CTJP,568,2025,November,4,,"¥22,880",2025-11-08,Card,Haruka
TXN-E2V7S23D,472,2025,November,4,0,"¥22,880",2025-11-10,Cash,Rie
TXN-K0UNTUAV,538,2025,October,2,,"¥14,300",2025-11-11,Card,Haruka
TXN-QKUN80QX,538,2025,December,2,,"¥14,300",2025-11-11,Card,Haruka
TXN-FHEMOHFI,362,2025,November,4,,"¥22,880",2025-11-17,Card,Rie
TXN-6D11WEFY,563,2025,November,2,,"¥14,300",2025-11-17,Card,Rie
TXN-5PA5UAUF,535,2025,October,4,,"¥22,880",2025-11-17,Card,Rie
TXN-CDFC81G3,411,2025,October,2,0,"¥9,350",2025-10-06,Card,Rie
TXN-SHGPRC1Z,312,2025,October,4,0,"¥22,880",2025-10-07,Card,Rie
TXN-0GAGKGDC,421,2025,December,2,,"¥14,300",2025-11-17,Card,Rie
TXN-8HW2ILI2,587,2025,December,4,0,"¥22,880",2025-11-19,PayPay,May
TXN-4JV02W4C,585,2025,October,1,20,"¥5,720",2025-11-19,Card,May
TXN-T2ARSZ9D,507,2025,October,4,0,"¥22,880",2025-10-25,Bank,May
TXN-B6KC2W80,338,2025,December,2,0,"¥14,300",2025-11-19,Card,May
TXN-FRPJVJI7,489,2025,December,2,0,"¥14,300",2025-11-20,Card,Fumika
TXN-ILNQUMTK,319,2025,December,2,0,"¥14,300",2025-11-21,Card,Rie
TXN-OFKY0CD7,557,2025,November,4,0,"¥22,880",2025-11-21,Card,Rie
TXN-0Q0H43ST,328,2025,December,4,0,"¥22,880",2025-11-22,PayPay,May
TXN-EHYHS0M4,94,2025,November,2,0,"¥14,300",2025-11-22,Card,May
TXN-WXEAUYTZ,481,2025,December,2,0,"¥14,300",2025-11-22,Card,May
TXN-ALYA2E4A,465,2025,December,2,0,"¥9,350",2025-11-22,Card,May
TXN-D9CTGL7M,463,2025,December,2,0,"¥9,350",2025-11-22,Card,May
TXN-M8CBWMDR,569,2025,December,2,0,"¥14,300",2025-11-23,Card,Rie
TXN-J3XAR82D,495,2025,December,2,0,"¥14,300",2025-11-24,Card,Rie
TXN-PEC05KOC,572,2025,December,4,0,"¥22,880",2025-11-25,Card,Rie
TXN-B3LDJJ7Y,343,2025,December,4,0,"¥22,880",2025-11-25,Card,Rie
TXN-JJE6ZASR,425,2025,December,4,0,"¥22,880",2025-11-25,Card,Rie
TXN-900N8DAO,269,2025,December,4,0,"¥22,880",2025-11-25,Card,Haruka
TXN-0J463I8M,458,2025,December,4,0,"¥22,880",2025-11-25,Cash,Haruka
TXN-KDUUYS05,548,2025,December,4,0,"¥22,880",2025-11-25,Card,Haruka
TXN-0KILHDYI,485,2025,November,4,0,"¥22,880",2025-11-26,Card,May
TXN-K2KI50SY,251,2025,November,2,20,"¥11,440",2025-11-26,Card,May
TXN-ZI19LAE5,288,2025,November,2,20,"¥11,440",2025-11-26,Card,May
TXN-WKEQ2MKG,553,2025,December,4,0,"¥22,880",2025-11-26,Card,May
TXN-PXXND7B6,472,2025,December,4,0,"¥22,880",2025-11-26,Cash,May
TXN-D81UQP7P,591,2025,December,11,0,"¥54,450",2025-11-26,Card,May
TXN-R73BROYK,110,2025,December,4,0,"¥22,880",2025-11-26,Card,Fumika
TXN-28XJ4MV9,453,2025,December,2,0,"¥14,300",2025-11-26,Card,Fumika
TXN-D1KE32LR,582,2025,December,8,0,"¥39,600",2025-11-27,Card,May
TXN-3LRV7KYJ,7,2025,December,4,0,"¥17,600",2025-11-27,Cash,May
TXN-HRCXSMMB,533,2025,December,4,0,"¥15,840",2025-11-27,Card,Manna
TXN-8E5KAGYC,187,2025,December,2,0,"¥14,300",2025-11-27,Cash,Manna
TXN-9X1I0KE7,461,2025,December,4,0,"¥22,880",2025-11-27,PayPay,Manna
TXN-CX1C35XT,393,2025,December,4,0,"¥15,840",2025-11-27,PayPay,Manna
TXN-KIAV80DO,392,2025,December,4,0,"¥15,840",2025-11-27,PayPay,Manna
TXN-RVQO72MP,559,2025,December,4,0,"¥22,880",2025-11-27,Card,Manna
TXN-NI96Q2U8,544,2025,December,2,0,"¥14,300",2025-11-27,Card,Manna
TXN-XETH7G9E,144,2025,November,1,0,"¥9,350",2025-11-27,Card,Manna
TXN-JAW82HVZ,144,2025,December,1,0,"¥9,350",2025-11-27,Card,Manna
TXN-O2C4F8JL,485,2025,December,4,0,"¥22,880",2025-11-27,Card,Manna
TXN-K65LW57C,209,2025,December,2,0,"¥14,300",2025-11-28,Card,Rie
TXN-4XUA4DUW,532,2025,December,4,0,"¥22,880",2025-11-28,Card,Rie
TXN-23JYM45P,156,2025,December,2,0,"¥14,300",2025-11-28,Card,Rie
TXN-HZTXOFOH,31,2025,December,2,0,"¥5,720",2025-11-28,Card,Manna
TXN-OF16VXEY,32,2025,December,2,0,"¥5,720",2025-11-28,Card,Manna
TXN-H12ILBCZ,515,2025,December,4,0,"¥22,880",2025-11-29,Card,Haruka
TXN-SSG1UX4C,22,2025,December,4,0,"¥17,600",2025-11-29,PayPay,Haruka
TXN-NQYXH1IA,501,2025,December,4,0,"¥22,880",2025-11-29,Card,Haruka
TXN-8DV0S6UI,573,2025,December,2,0,"¥14,300",2025-11-29,Card,Haruka
TXN-V3R60CER,267,2025,December,4,0,"¥22,880",2025-11-29,Card,Haruka
TXN-A7CX46K8,568,2025,December,4,0,"¥22,880",2025-11-29,Card,Haruka
TXN-SX7KMCX8,509,2025,December,4,0,"¥22,880",2025-11-29,Card,Haruka
TXN-5Z2M0QFR,206,2025,December,4,0,"¥22,880",2025-11-30,Card,Fumika
TXN-ZAMXQE7M,448,2025,December,4,0,"¥22,880",2025-11-30,Card,Fumika
TXN-YY0P8D7G,513,2025,December,2,0,"¥14,300",2025-11-30,Card,Fumika
TXN-ZGVJTXQ2,160,2025,December,2,0,"¥14,300",2025-11-30,Card,Fumika
TXN-J2GEIJ8I,312,2025,December,4,0,"¥22,880",2025-12-02,Card,Rie
TXN-5002VTYK,288,2025,December,2,20,"¥11,440",2025-12-02,Card,Fumika
TXN-A16NFGM2,251,2025,December,2,20,"¥11,440",2025-12-02,Card,Fumika
TXN-G2600UPR,446,2025,December,4,0,"¥22,880",2025-12-02,Cash,Fumika
TXN-XU5W0X90,507,2025,December,4,0,"¥22,880",2025-11-27,Bank,May
TXN-NN1RPIFE,560,2025,December,4,0,"¥22,880",2025-11-26,Card,May
TXN-IEM0JQ81,562,2025,December,4,0,"¥22,880",2025-12-03,Card,May
TXN-11Q4WVGR,583,2025,October,2,0,"¥14,300",2025-10-16,Card,Manna
TXN-L8HDDZVC,411,2025,December,4,0,"¥15,840",2025-12-04,Cash,May
TXN-SB9984K1,412,2025,December,4,0,"¥15,840",2025-12-04,Cash,May
TXN-O68WO2C3,416,2025,December,4,0,"¥22,880",2025-12-04,Card,Manna
TXN-PD2FNXZ4,534,2025,December,4,0,"¥15,840",2025-12-04,PayPay,Manna
TXN-U09BLWD8,520,2025,December,2,0,"¥14,300",2025-11-27,PayPay,Rie
TXN-WEWOBS7E,583,2025,December,4,0,"¥22,880",2025-12-05,Card,Rie
TXN-KAX2DRXU,585,2025,December,2,0,"¥14,300",2025-12-06,Card,Haruka
TXN-U8UMI66S,337,2025,December,4,0,"¥22,880",2025-12-06,Card,Haruka
TXN-CW57QUK5,549,2025,December,4,0,"¥22,880",2025-12-06,Card,Haruka
TXN-MTQQRBIK,592,2025,December,2,0,"¥9,350",2025-12-07,Card,May
TXN-H6CJ7R3J,593,2025,December,2,0,"¥9,350",2025-12-07,Card,May
TXN-L9V5M55K,555,2025,December,4,0,"¥22,880",2025-12-07,Card,May
TXN-XHQGOU0Y,589,2025,December,4,25,"¥17,160",2025-12-07,Card,May
TXN-685W1Z97,153,2025,December,2,0,"¥14,300",2025-12-08,Card,Rie
TXN-AQKRGBQ0,563,2025,December,2,0,"¥14,300",2025-12-08,Card,Rie
TXN-8WE519AI,514,2025,December,2,0,"¥14,300",2025-12-09,Cash,Rie
TXN-9482JPEI,599,2025,December,2,0,"¥14,300",2025-12-09,Card,Rie
TXN-B83CTUP4,538,2026,January,2,0,"¥14,300",2025-12-09,Card,Fumika
TXN-JG8V82CB,596,2025,December,4,0,"¥22,880",2025-12-11,Cash,Fumika
TXN-3G5PXGPT,209,2026,January,2,0,"¥14,300",2025-12-12,Card,Rie
TXN-B00VUVHJ,590,2025,December,2,0,"¥14,300",2025-12-13,Cash,Manna
TXN-0OGAZVPK,411,2026,January,4,0,"¥15,840",2025-12-15,Cash,Rie
TXN-YFC3LYTF,412,2026,January,4,0,"¥15,840",2025-12-15,Cash,Rie
TXN-D5HTJ896,453,2026,January 2026,4,0,"¥22,880",2025-12-17,Card,Manna
TXN-BWA6JSKM,520,2026,January 2026,2,0,"¥14,300",2025-12-18,PayPay,Rie
TXN-9RZNCKFP,343,2026,January 2026,4,0,"¥22,880",2025-12-18,Card,Fumika
TXN-9HUYFS54,455,2026,January 2026,2,0,"¥14,300",2025-12-18,Cash,Fumika
TXN-VQRFYOA2,544,2026,January,2,0,"¥14,300",2025-12-18,PayPay,Fumika
TXN-IGJNCA8C,319,2026,January 2026,2,0,"¥14,300",2025-12-19,Card,Rie
TXN-C8ETWXPR,603,2025,December 2025,4,0,"¥22,880",2025-12-19,PayPay,Rie
TXN-AB52L48V,31,2026,January 2026,2,0,"¥5,720",2025-12-19,Card,Rie
TXN-VTHQQ1JH,32,2026,January 2026,2,0,"¥5,720",2025-12-19,Card,Rie
TXN-ZP3EYSJJ,481,2026,January,2,0,"¥14,300",2025-12-20,Card,May
TXN-KAFCCSAU,585,2026,January,4,0,"¥22,880",2025-12-20,Card,May
TXN-GPSP6UOP,495,2026,January 2026,2,0,"¥14,300",2025-12-21,Card,Fumika
TXN-X91C0RN1,338,2026,January,2,0,"¥14,300",2025-12-21,Card,Fumika
TXN-1LZNN6B5,206,2026,January 2026,4,0,"¥22,880",2025-12-21,Card,Fumika
TXN-8OQXD9SK,144,2025,December 2025,2,0,"¥18,700",2025-12-21,Card,Fumika
TXN-2IJZ1GSU,513,2026,January 2026,2,0,"¥14,300",2025-12-21,Card,Fumika
TXN-TEWRJK03,559,2026,January 2026,4,0,"¥22,880",2025-12-22,Card,Rie
TXN-7M429N5E,532,2026,January 2026,4,0,"¥22,880",2025-12-22,Card,Rie
TXN-45JHLGLB,153,2026,January 2026,2,0,"¥14,300",2025-12-22,Card,Rie
TXN-RQNN5UIN,572,2026,January 2026,4,0,"¥22,880",2025-12-23,Card,Rie
TXN-RV84JBYM,543,2026,January 2026,2,0,"¥14,300",2025-12-23,Cash,Rie
TXN-VEVS4OEP,269,2026,January 2026,4,0,"¥22,880",2025-12-23,Card,Ayane
TXN-7KY49MM5,458,2026,January 2026,4,0,"¥22,880",2025-12-23,Cash,Ayane
TXN-DDJNPY30,548,2026,January 2026,4,0,"¥22,880",2025-12-23,Card,Ayane
TXN-Z5UIJS4Z,446,2026,January,4,0,"¥22,880",2025-12-23,Cash,Ayane
TXN-FYMKVW5T,7,2026,January 2026,4,0,"¥17,600",2025-12-24,Cash,Rie
TXN-FCB277K8,416,2026,January 2026,4,0,"¥22,880",2025-12-24,Card,Manna
TXN-EBUBR2U2,110,2026,January,4,0,"¥22,880",2025-12-25,PayPay,May
TXN-M1NKUYPO,393,2025,December,4,0,"¥15,840",2025-12-25,PayPay,Manna
TXN-UDU1IA2M,392,2025,December,4,0,"¥15,840",2025-12-25,Card,Manna
TXN-CLFL0CE1,461,2026,January,4,0,"¥22,880",2025-12-25,PayPay,Manna
TXN-SL4H8YWC,187,2026,January,2,0,"¥14,300",2025-12-25,Card,Manna
TXN-S94K00RA,596,2026,January,4,0,"¥22,880",2025-12-25,Card,Manna
TXN-ZSWZMF30,582,2026,January,4,0,"¥22,880",2025-12-26,Card,Rie
TXN-PMBMCMCP,160,2026,January,2,0,"¥14,300",2025-12-26,Cash,Rie
TXN-Z22VH7B3,156,2026,January,2,0,"¥14,300",2025-12-26,Card,Rie
TXN-FABVF42G,553,2026,January,4,0,"¥22,880",2025-12-26,Card,Rie
TXN-UYS5AFUT,599,2026,January,2,0,"¥14,300",2025-12-27,Card,May
TXN-PSLDS5KH,463,2026,January,2,0,¥0,2025-12-27,PayPay,May
TXN-VALC7JYC,465,2026,January,2,0,"¥9,350",2025-12-27,PayPay,May
TXN-3UB4N13L,328,2026,January,4,0,"¥22,880",2025-12-27,PayPay,May
TXN-AHZQEJHC,448,2026,January,4,0,"¥22,880",2025-12-27,Card,May
TXN-06Y7ZGNZ,425,2026,January,4,0,"¥22,880",2025-12-27,Card,May
TXN-VMNCH4EL,592,2026,January,2,0,"¥9,350",2025-12-27,Card,May
TXN-722PC418,593,2026,January,2,0,"¥9,350",2025-12-27,Card,May
TXN-6TXSHJSE,509,2026,January,4,0,"¥22,880",2025-12-27,Card,May
TXN-5DUAS7ID,573,2026,January,2,0,"¥14,300",2025-12-27,Card,May
TXN-O6A8J97W,515,2026,January,4,0,"¥22,880",2025-12-28,Card,May
TXN-6ZF2ZOCV,267,2026,January,4,0,"¥22,880",2025-12-28,Card,May
TXN-KGLN1RWF,568,2026,January,4,0,"¥22,880",2025-12-28,Card,May
TXN-QOULOGBJ,583,2026,January,4,0,"¥22,880",2025-12-29,Card,Haruka
TXN-4YRABOPC,603,2026,January,2,0,"¥14,300",2025-12-29,PayPay,Haruka
TXN-YAINESG1,591,2026,January,8,0,"¥39,600",2025-12-30,Card,Haruka
TXN-HFF8H6F4,589,2026,January,4,0,"¥22,880",2025-12-30,Card,Haruka
TXN-76IY2WTE,22,2026,January,2,0,"¥9,240",2026-01-04,PayPay,May
TXN-72MH6XLX,560,2026,January,4,0,"¥22,880",2026-01-05,Card,Manna
TXN-6CIUKYAJ,501,2026,January,4,0,"¥22,880",2026-01-06,Cash,Fumika
TXN-Y4UCDZRF,562,2026,January,4,0,"¥22,880",2026-01-07,Card,Haruka
TXN-LMYANOH6,312,2026,January,4,0,"¥22,880",2026-01-07,Card,
TXN-P3WSF55K,533,2026,January,4,0,"¥15,840",2026-01-08,Card,May
TXN-4THCJOYW,534,2026,January,4,0,"¥15,840",2026-01-08,PayPay,Fumika
TXN-FWC93D3Y,485,2026,January,4,0,"¥22,880",2026-01-09,Card,Rie
TXN-QV64KPB4,362,2026,January,4,0,"¥22,880",2026-01-09,Card,Rie
TXN-S046NYJZ,22,2026,January,4,0,"¥17,600",2026-01-10,PayPay,Rie
TXN-GSM7AQFO,606,2026,January,8,0,"¥39,600",2026-01-10,PayPay,Rie
TXN-4FXERCLS,306,2026,January,2,0,"¥14,300",2026-01-11,Cash,Fumika
TXN-MGKVQV1L,288,2026,January,2,20,"¥11,440",2026-01-12,Card,Rie
TXN-WNKR0JZL,251,2026,January,2,20,"¥11,440",2026-01-12,Card,Rie
TXN-V1PFD4WS,472,2026,January,4,0,"¥22,880",2026-01-12,Cash,Rie
TXN-EZ3RRK9R,555,2026,January,4,0,"¥22,880",2026-01-12,Card,Rie
TXN-J44Q0YDF,607,2026,January,6,0,"¥34,320",2026-01-13,Card,Rie
TXN-HO4GJEFD,538,2026,February,2,0,"¥14,300",2026-01-13,Card,Fumika
TXN-RN0ICIU2,567,2026,January,2,25,"¥14,025",2026-01-14,Card,May
TXN-DHTEL2GH,590,2026,January,2,0,"¥14,300",2026-01-14,Cash,May
TXN-2BEJOMC5,455,2026,February,2,0,"¥14,300",2026-01-14,Card,Haruka
TXN-UQKFFDTD,489,2026,January,2,0,"¥14,300",2026-01-15,Cash,May
TXN-RVBY61PF,337,2026,January,4,0,"¥22,880",2026-01-17,Card,Haruka
TXN-9DFPD76I,518,2026,January,2,0,"¥14,300",2026-01-18,Card,Fumika
TXN-G4NUN2L8,411,2026,February,4,0,"¥15,840",2026-01-20,Cash,Fumika
TXN-5F88LMTS,412,2026,February,4,0,"¥15,840",2026-01-20,Cash,Fumika
TXN-JL4PLLZ6,545,2026,January,4,0,"¥37,400",2026-01-21,Card,Manna
TXN-VJZQZPGL,563,2026,January,2,0,"¥14,300",2026-01-22,Card,Manna
TXN-AAMMR1IB,94,2026,January,2,0,"¥14,300",2026-01-23,Card,Rie
TXN-O1I211VR,156,2026,April,2,0,"¥14,300",2026-01-23,Card,Rie
TXN-22P29SRM,573,2026,February,2,0,"¥14,300",2026-01-24,Card,Haruka
TXN-NVN6R4PP,568,2026,February,4,0,"¥22,880",2026-01-25,Card,May
TXN-J40B8GGX,513,2026,February,2,0,"¥14,300",2026-01-25,Card,May
TXN-KU4FG10O,592,2026,February,2,0,"¥9,350",2026-01-25,Card,May
TXN-NJNPPSQ0,593,2026,February,2,0,"¥9,350",2026-01-25,Card,May
TXN-CBC6GNSU,553,2026,February,4,0,"¥22,880",2026-01-26,Card,Haruka
TXN-BBCGDGKI,610,2026,February,2,0,"¥14,300",2026-01-26,Card,Haruka
TXN-6LK5CLK5,312,2026,February,4,0,"¥22,880",2026-01-27,Card,Rie
TXN-K83AMRM1,599,2026,February,4,0,"¥22,880",2026-01-27,Card,Rie
TXN-CHH49M36,572,2026,February,4,0,"¥22,880",2026-01-27,Card,Rie
TXN-Y35SXZVY,559,2026,February,4,0,"¥22,880",2026-01-27,Card,Rie
TXN-QA2XP04V,489,2026,February,2,0,"¥14,300",2026-01-27,Card,Rie
TXN-PIIMWYXM,269,2026,February,4,0,"¥22,880",2026-01-27,Card,Fumika
TXN-0LEEXH4J,425,2026,February,4,0,"¥22,880",2026-01-27,Card,Fumika
TXN-4Y3040RP,446,2026,February,4,0,"¥22,880",2026-01-27,Cash,Fumika
TXN-FQAKQ10U,567,2026,January,2,0,"¥18,700",2026-01-28,Card,May
TXN-6IG7YXKR,7,2026,February,4,0,"¥17,600",2026-01-28,Cash,May
TXN-XW8GSCRC,453,2026,February,4,0,"¥22,880",2026-01-28,Card,Haruka
TXN-BUU9B7Q3,582,2026,February,4,0,"¥22,880",2026-01-29,Card,Rie
TXN-IKR9ZQVU,520,2026,February,2,0,"¥14,300",2026-01-29,Card,Rie
TXN-XNOVS90U,160,2026,February,2,0,"¥14,300",2026-01-29,Cash,Rie
TXN-R88342DC,393,2026,February,4,0,"¥15,840",2026-01-29,PayPay,Rie
TXN-I495HR6Z,392,2026,February,4,0,"¥15,840",2026-01-29,PayPay,Rie
TXN-IFWHAD3R,416,2026,February,4,0,"¥22,880",2026-01-29,Card,Rie
TXN-208LO0DO,416,2026,January,4,0,"¥22,880",2026-01-29,Card,Rie
TXN-QG1Z292Q,461,2026,February,4,0,"¥22,880",2026-01-29,PayPay,Ayane
TXN-B0CS1N3X,548,2026,February,4,0,"¥22,880",2026-01-29,Card,Ayane
TXN-MJ07U2TY,31,2026,February,2,0,"¥5,720",2026-01-30,Card,Rie
TXN-MLFL0FNQ,32,2026,February,2,0,"¥5,720",2026-01-30,Card,Rie
TXN-13N5IGIB,319,2026,February,2,0,"¥14,300",2026-01-30,Card,Rie
TXN-LWT6PQT0,532,2026,February,2,0,"¥14,300",2026-01-30,Card,Rie
TXN-NQFDMY7Y,485,2026,February,4,0,"¥22,880",2026-01-30,Card,Rie
TXN-YKTR847X,591,2026,February,8,0,"¥39,600",2026-01-30,Card,Rie
TXN-KVKISH5S,518,2026,February,2,0,"¥14,300",2026-01-31,Card,Haruka
TXN-9XV5L5E3,585,2026,February,2,0,"¥14,300",2026-01-31,Card,Haruka
TXN-R0AS9B3X,328,2026,February,4,0,"¥22,880",2026-01-31,PayPay,Haruka
TXN-GUPZ0UQX,448,2026,February,4,0,"¥22,880",2026-01-31,Card,Haruka
TXN-FFQNGY2S,337,2026,February,4,0,"¥22,880",2026-01-31,Card,Haruka
TXN-S8KS2OG2,267,2026,February,4,0,"¥22,880",2026-01-31,Card,Haruka
TXN-O6OY1SYU,481,2026,February,2,0,"¥14,300",2026-01-31,Card,Haruka
TXN-8NTTCY9E,465,2026,February,2,0,"¥9,350",2026-01-31,Card,Haruka
TXN-PDD75RF5,509,2026,February,4,0,"¥22,880",2026-01-31,Card,Haruka
TXN-1BEYVKMA,515,2026,February,4,0,"¥22,880",2026-01-31,Card,Haruka
TXN-P5Y0GWQE,546,2026,February,4,0,"¥22,880",2026-02-02,Card,Rie
TXN-XICCWMVE,251,2026,February,2,20,"¥11,440",2026-02-03,Card,Rie
TXN-47BJINZ8,288,2026,February,2,20,"¥11,440",2026-02-03,Card,Rie
TXN-1JYMTGFY,458,2026,February,4,0,"¥22,880",2026-01-23,Cash,Manna
TXN-JOJTTKLO,562,2026,February,4,0,"¥22,880",2026-02-04,Card,May
TXN-J1NGI59X,110,2026,February,4,0,"¥22,880",2026-02-04,PayPay,May
TXN-OCPJ1AFQ,533,2026,February,4,0,"¥15,840",2026-02-05,Card,Manna
TXN-3FJ35J20,596,2026,February,4,0,"¥22,880",2026-02-05,Card,Manna
TXN-8X23JQ7E,534,2026,February,4,0,"¥15,840",2026-02-05,PayPay,Manna
TXN-4Q7R9WG3,589,2026,February,4,0,"¥22,880",2026-01-26,Card,May
TXN-RVO5HGML,306,2026,February,2,0,"¥14,300",2026-02-08,Cash,May
TXN-828XRCST,555,2026,February,4,0,"¥22,880",2026-02-08,Card,May
TXN-VREAQ4YX,590,2026,February,2,0,"¥14,300",2026-02-09,Cash,Rie
TXN-CG2BCUPN,489,2026,March,2,0,"¥14,300",2026-02-10,Cash,Ayane
TXN-QD0N6DM6,538,2026,March,2,0,"¥14,300",2026-02-10,Card,Manna
TXN-YAJLZRTX,94,2026,February,2,0,"¥14,300",2026-02-12,Card,May
TXN-SWGPF0H6,455,2026,March,2,0,"¥14,300",2026-02-13,Cash,Haruka
TXN-YTY9F6TM,610,2026,March,4,0,"¥22,880",2026-02-14,Card,Haruka
TXN-02K50G2E,592,2026,March,2,0,"¥9,350",2026-02-14,Card,Haruka
TXN-0RO78LAB,593,2026,March,2,0,"¥9,350",2026-02-14,Card,Haruka
TXN-IHR26WA9,264,2026,February,12,0,"¥59,400",2026-02-15,Card,Fumika
TXN-9F5M7UVT,495,2026,February,2,0,"¥14,300",2026-02-15,Card,Fumika
TXN-NYSSS7XB,264,2026,March,0,0,¥0,2026-02-15,Card,Fumika
TXN-NPKYECR5,411,2026,March,4,0,"¥15,840",2026-02-16,Cash,Haruka
TXN-S5MGYD48,412,2026,March,4,0,"¥15,840",2026-02-16,Cash,Haruka
TXN-HBYOAMT0,338,2026,February,2,0,"¥14,300",2026-01-21,Card,Manna
TXN-FU5U7U4S,607,2026,March,4,0,"¥22,880",2026-02-19,Card,May
TXN-FCUFCB1X,362,2026,February,4,0,"¥22,880",2026-02-20,Card,Rie
TXN-HXU0JLDQ,209,2026,February,2,0,"¥14,300",2026-02-20,Card,Rie
TXN-5ABZL1F5,209,2026,March,4,0,"¥22,880",2026-02-20,Card,Rie
TXN-NCJAC5Z4,532,2026,March,4,0,"¥22,880",2026-02-20,Card,Rie
TXN-MZTGWGMD,560,2026,February,4,0,"¥22,880",2026-02-20,Card,Rie
TXN-1OSTBKUM,573,2026,March,2,0,"¥14,300",2026-02-21,Card,Haruka
TXN-QTDU3QF5,495,2026,March,2,0,"¥14,300",2026-02-21,Card,Haruka
TXN-PJ0NQDXI,267,2026,March,4,0,"¥22,880",2026-02-22,Card,May
TXN-3700IJ4F,448,2026,March,4,0,"¥22,880",2026-02-22,Card,May
TXN-46S9QPLZ,338,2026,February,2,0,"¥14,300",2026-02-22,Card,May
TXN-IUB09IKK,463,2026,March,2,0,¥0,2026-02-22,PayPay,May
TXN-X1TYFR45,465,2026,March,2,0,¥0,2026-02-22,PayPay,May
TXN-3011LZFL,463,2026,February,2,0,"¥9,350",2026-01-31,Card,May
TXN-39EGLJZ4,251,2026,February,2,20,"¥11,440",2026-02-22,Card,May
TXN-8294GH2I,288,2026,February,2,20,"¥11,440",2026-02-22,Card,May
TXN-WVFVGGMU,515,2026,March,4,0,"¥22,880",2026-02-23,Card,Haruka
TXN-3ZUKI7EM,572,2026,March,4,0,"¥22,880",2026-02-24,Card,Rie
TXN-KR0MYN7H,546,2026,March,4,0,"¥22,880",2026-02-24,Card,Rie
TXN-4A7KSIBB,269,2026,March,4,0,"¥22,880",2026-02-24,Card,Manna
TXN-RYO6PZFV,458,2026,March,4,0,"¥22,880",2026-02-24,Cash,Manna
TXN-PUVBE2Q4,446,2026,March,4,0,"¥22,880",2026-02-24,Cash,Manna
TXN-0X06JBGW,553,2026,February,4,0,"¥22,880",2026-02-25,Cash,
TXN-XHPO8XYS,7,2026,February,4,0,"¥17,600",2026-02-25,Cash,May
TXN-SAULBH8I,31,2026,March,1,0,"¥2,860",2026-02-25,Card,Haruka
TXN-D0Q2YQB3,32,2026,March,1,0,"¥2,860",2026-02-25,Card,Haruka
TXN-49XCKJE6,453,2026,March,4,0,"¥22,880",2026-02-25,Card,Haruka
TXN-2J5Z08JK,567,2026,March,2,0,"¥18,700",2026-02-26,Card,Rie
TXN-P7VQWOHN,533,2026,March,4,0,"¥15,840",2026-02-26,Card,Manna
TXN-E93Y978O,416,2026,March,4,0,"¥22,880",2026-02-26,Card,Manna
TXN-A2T66RH0,461,2026,March,4,0,"¥22,880",2026-02-26,PayPay,Manna
TXN-6ZISO574,591,2026,March,4,0,"¥22,880",2026-02-27,Card,Rie
TXN-3FOQLNRT,319,2026,February,2,0,"¥14,300",2026-02-27,Card,Rie
TXN-KPKR76X1,425,2026,March,4,0,"¥22,880",2026-02-27,Card,Rie
TXN-9UPYJ9GZ,582,2026,March,4,0,"¥22,880",2026-02-27,Card,Rie
TXN-09CQKL58,548,2026,March,4,0,"¥22,880",2026-02-27,Card,Ayane
TXN-LOZ3XORB,585,2026,March,4,0,"¥22,880",2026-02-28,Card,Haruka
TXN-CYMHAUVP,328,2026,March,4,0,"¥22,880",2026-02-28,PayPay,Haruka
TXN-TSGYP2V5,22,2026,March,4,0,"¥17,600",2026-02-28,PayPay,Haruka
TXN-7W768C5Y,160,2026,March,2,0,"¥14,300",2026-02-28,Cash,Haruka
TXN-30IUA7GK,518,2026,March,2,0,"¥14,300",2026-02-28,Card,Haruka
TXN-7S7CCVHF,337,2026,March,4,0,"¥22,880",2026-02-28,Card,Haruka
TXN-IRDQ2U79,485,2026,March,4,0,"¥22,880",2026-02-28,Card,Haruka